-- MySQL dump 10.13  Distrib 5.6.24, for Win32 (x86)
--
-- Host: localhost    Database: hsv
-- ------------------------------------------------------
-- Server version	5.6.17

/*!40101 SET @OLD_CHARACTER_SET_CLIENT=@@CHARACTER_SET_CLIENT */;
/*!40101 SET @OLD_CHARACTER_SET_RESULTS=@@CHARACTER_SET_RESULTS */;
/*!40101 SET @OLD_COLLATION_CONNECTION=@@COLLATION_CONNECTION */;
/*!40101 SET NAMES utf8 */;
/*!40103 SET @OLD_TIME_ZONE=@@TIME_ZONE */;
/*!40103 SET TIME_ZONE='+00:00' */;
/*!40014 SET @OLD_UNIQUE_CHECKS=@@UNIQUE_CHECKS, UNIQUE_CHECKS=0 */;
/*!40014 SET @OLD_FOREIGN_KEY_CHECKS=@@FOREIGN_KEY_CHECKS, FOREIGN_KEY_CHECKS=0 */;
/*!40101 SET @OLD_SQL_MODE=@@SQL_MODE, SQL_MODE='NO_AUTO_VALUE_ON_ZERO' */;
/*!40111 SET @OLD_SQL_NOTES=@@SQL_NOTES, SQL_NOTES=0 */;

--
-- Table structure for table `jos_fussball_attribute`
--

DROP TABLE IF EXISTS `jos_fussball_attribute`;
/*!40101 SET @saved_cs_client     = @@character_set_client */;
/*!40101 SET character_set_client = utf8 */;
CREATE TABLE `jos_fussball_attribute` (
  `id` int(11) NOT NULL AUTO_INCREMENT,
  `attrType` varchar(20) NOT NULL,
  `name` varchar(255) NOT NULL,
  `displayName` varchar(255) DEFAULT NULL,
  PRIMARY KEY (`id`),
  KEY `Attribute_FKIndex1` (`attrType`),
  CONSTRAINT `type` FOREIGN KEY (`attrType`) REFERENCES `jos_fussball_attributetype` (`name`)
) ENGINE=InnoDB AUTO_INCREMENT=9 DEFAULT CHARSET=latin1;
/*!40101 SET character_set_client = @saved_cs_client */;

--
-- Dumping data for table `jos_fussball_attribute`
--

LOCK TABLES `jos_fussball_attribute` WRITE;
/*!40000 ALTER TABLE `jos_fussball_attribute` DISABLE KEYS */;
INSERT INTO `jos_fussball_attribute` VALUES (1,'date','Geburtsdatum',NULL),(2,'text','Spitzname',NULL),(3,'text','Trikotnummer',NULL),(4,'int','Groesse','Größe (in cm)'),(5,'int','Gewicht','Gewicht (in kg)'),(6,'text','Beim_HSV_seit','Beim HSV seit'),(7,'text','Lieblingsposition',''),(8,'text','Lieblingsverein','Lieblingsverein (neben dem  großen HSV)');
/*!40000 ALTER TABLE `jos_fussball_attribute` ENABLE KEYS */;
UNLOCK TABLES;

--
-- Table structure for table `jos_fussball_attributetype`
--

DROP TABLE IF EXISTS `jos_fussball_attributetype`;
/*!40101 SET @saved_cs_client     = @@character_set_client */;
/*!40101 SET character_set_client = utf8 */;
CREATE TABLE `jos_fussball_attributetype` (
  `name` varchar(20) NOT NULL,
  `beschreibung` varchar(255) DEFAULT NULL,
  PRIMARY KEY (`name`)
) ENGINE=InnoDB DEFAULT CHARSET=latin1;
/*!40101 SET character_set_client = @saved_cs_client */;

--
-- Dumping data for table `jos_fussball_attributetype`
--

LOCK TABLES `jos_fussball_attributetype` WRITE;
/*!40000 ALTER TABLE `jos_fussball_attributetype` DISABLE KEYS */;
INSERT INTO `jos_fussball_attributetype` VALUES ('date','Datum'),('double','Flie223kommazahl'),('img','Image'),('int','Vorzeichenbehaftete Ganzzahl'),('text','Text');
/*!40000 ALTER TABLE `jos_fussball_attributetype` ENABLE KEYS */;
UNLOCK TABLES;

--
-- Table structure for table `jos_fussball_attributevalue`
--

DROP TABLE IF EXISTS `jos_fussball_attributevalue`;
/*!40101 SET @saved_cs_client     = @@character_set_client */;
/*!40101 SET character_set_client = utf8 */;
CREATE TABLE `jos_fussball_attributevalue` (
  `id` int(11) NOT NULL AUTO_INCREMENT,
  `idAttribute` int(11) NOT NULL,
  `idSpieler` int(11) NOT NULL,
  `boolValue` tinyint(1) DEFAULT NULL,
  `intValue` int(11) DEFAULT NULL,
  `textValue` text,
  `doubleValue` double DEFAULT NULL,
  `dateValue` date DEFAULT NULL,
  `imgValue` text,
  PRIMARY KEY (`id`),
  KEY `AttributeValue_FKIndex1` (`idAttribute`),
  KEY `AttributeValue_FKIndex2` (`idSpieler`),
  CONSTRAINT `Attr_Value` FOREIGN KEY (`idAttribute`) REFERENCES `jos_fussball_attribute` (`id`),
  CONSTRAINT `Spieler_AttrValue` FOREIGN KEY (`idSpieler`) REFERENCES `jos_fussball_spieler` (`id`)
) ENGINE=InnoDB AUTO_INCREMENT=137 DEFAULT CHARSET=latin1;
/*!40101 SET character_set_client = @saved_cs_client */;

--
-- Dumping data for table `jos_fussball_attributevalue`
--

LOCK TABLES `jos_fussball_attributevalue` WRITE;
/*!40000 ALTER TABLE `jos_fussball_attributevalue` DISABLE KEYS */;
INSERT INTO `jos_fussball_attributevalue` VALUES (1,1,5,NULL,NULL,NULL,NULL,'0000-00-00',NULL),(2,1,13,NULL,NULL,NULL,NULL,'1977-11-29',NULL),(3,2,13,NULL,NULL,'Rossi',NULL,NULL,NULL),(4,3,13,NULL,NULL,'16',NULL,NULL,NULL),(5,4,13,NULL,193,NULL,NULL,NULL,NULL),(6,5,13,NULL,83,NULL,NULL,NULL,NULL),(7,6,13,NULL,NULL,'Jugend',NULL,NULL,NULL),(8,2,5,NULL,NULL,'Manni',NULL,NULL,NULL),(9,3,5,NULL,NULL,'14',NULL,NULL,NULL),(10,4,5,NULL,186,NULL,NULL,NULL,NULL),(11,5,5,NULL,80,NULL,NULL,NULL,NULL),(12,6,5,NULL,NULL,'immer',NULL,NULL,NULL),(13,1,8,NULL,NULL,NULL,NULL,'0000-00-00',NULL),(14,2,8,NULL,NULL,'Benny',NULL,NULL,NULL),(15,3,8,NULL,NULL,'7',NULL,NULL,NULL),(16,4,8,NULL,0,NULL,NULL,NULL,NULL),(17,5,8,NULL,0,NULL,NULL,NULL,NULL),(18,6,8,NULL,NULL,'',NULL,NULL,NULL),(19,7,5,NULL,NULL,'Mittelfeld',NULL,NULL,NULL),(20,8,5,NULL,NULL,'Schalke 04',NULL,NULL,NULL),(21,1,21,NULL,NULL,NULL,NULL,'1983-01-28',NULL),(22,2,21,NULL,NULL,'',NULL,NULL,NULL),(23,3,21,NULL,NULL,'11',NULL,NULL,NULL),(24,4,21,NULL,0,NULL,NULL,NULL,NULL),(25,5,21,NULL,0,NULL,NULL,NULL,NULL),(26,6,21,NULL,NULL,'',NULL,NULL,NULL),(27,7,21,NULL,NULL,'',NULL,NULL,NULL),(28,8,21,NULL,NULL,'',NULL,NULL,NULL),(29,1,7,NULL,NULL,NULL,NULL,'1988-09-23',NULL),(30,2,7,NULL,NULL,'Buddy',NULL,NULL,NULL),(31,3,7,NULL,NULL,'8',NULL,NULL,NULL),(32,4,7,NULL,180,NULL,NULL,NULL,NULL),(33,5,7,NULL,74,NULL,NULL,NULL,NULL),(34,6,7,NULL,NULL,'2004',NULL,NULL,NULL),(35,7,7,NULL,NULL,'Verteidiger',NULL,NULL,NULL),(36,8,7,NULL,NULL,'Borussia Dortmund',NULL,NULL,NULL),(37,1,28,NULL,NULL,NULL,NULL,'1992-01-27',NULL),(38,2,28,NULL,NULL,'henne',NULL,NULL,NULL),(39,3,28,NULL,NULL,'15',NULL,NULL,NULL),(40,4,28,NULL,182,NULL,NULL,NULL,NULL),(41,5,28,NULL,75,NULL,NULL,NULL,NULL),(42,6,28,NULL,NULL,'2008',NULL,NULL,NULL),(43,7,28,NULL,NULL,' mittelfeld',NULL,NULL,NULL),(44,8,28,NULL,NULL,'schalke 04',NULL,NULL,NULL),(45,1,25,NULL,NULL,NULL,NULL,'1992-05-15',NULL),(46,2,25,NULL,NULL,'',NULL,NULL,NULL),(47,3,25,NULL,NULL,'24',NULL,NULL,NULL),(48,4,25,NULL,179,NULL,NULL,NULL,NULL),(49,5,25,NULL,61,NULL,NULL,NULL,NULL),(50,6,25,NULL,NULL,'2008',NULL,NULL,NULL),(51,7,25,NULL,NULL,'Linkes Mittelfeld',NULL,NULL,NULL),(52,8,25,NULL,NULL,'Borussia Dortmund',NULL,NULL,NULL),(53,1,29,NULL,NULL,NULL,NULL,'1984-08-04',NULL),(54,2,29,NULL,NULL,'',NULL,NULL,NULL),(55,3,29,NULL,NULL,'23',NULL,NULL,NULL),(56,4,29,NULL,185,NULL,NULL,NULL,NULL),(57,5,29,NULL,80,NULL,NULL,NULL,NULL),(58,6,29,NULL,NULL,'1994',NULL,NULL,NULL),(59,7,29,NULL,NULL,'defensiv Mittelfeld',NULL,NULL,NULL),(60,8,29,NULL,NULL,'Bayern München',NULL,NULL,NULL),(61,7,13,NULL,NULL,'Stürmer',NULL,NULL,NULL),(62,8,13,NULL,NULL,'S04',NULL,NULL,NULL),(63,1,18,NULL,NULL,NULL,NULL,'1982-07-20',NULL),(64,2,18,NULL,NULL,'Sibbi',NULL,NULL,NULL),(65,3,18,NULL,NULL,'4',NULL,NULL,NULL),(66,4,18,NULL,190,NULL,NULL,NULL,NULL),(67,5,18,NULL,0,NULL,NULL,NULL,NULL),(68,6,18,NULL,NULL,'gute Frage, 5 Jahre?',NULL,NULL,NULL),(69,7,18,NULL,NULL,'an der Theke',NULL,NULL,NULL),(70,8,18,NULL,NULL,'FC Schalke 04',NULL,NULL,NULL),(71,7,8,NULL,NULL,'Mittelfeld',NULL,NULL,NULL),(72,8,8,NULL,NULL,'Borussia Dortmund',NULL,NULL,NULL),(73,1,9,NULL,NULL,NULL,NULL,'1983-02-13',NULL),(74,2,9,NULL,NULL,'Mäkkes',NULL,NULL,NULL),(75,3,9,NULL,NULL,'9',NULL,NULL,NULL),(76,4,9,NULL,183,NULL,NULL,NULL,NULL),(77,5,9,NULL,75,NULL,NULL,NULL,NULL),(78,6,9,NULL,NULL,'ich das Licht der Welt erblickt habe ',NULL,NULL,NULL),(79,7,9,NULL,NULL,'Zentrales Mittelfeld',NULL,NULL,NULL),(80,8,9,NULL,NULL,'FC Schalke 04; Schützenverein Holthausen',NULL,NULL,NULL),(81,1,6,NULL,NULL,NULL,NULL,'1991-06-16',NULL),(82,2,6,NULL,NULL,'',NULL,NULL,NULL),(83,3,6,NULL,NULL,'',NULL,NULL,NULL),(84,4,6,NULL,183,NULL,NULL,NULL,NULL),(85,5,6,NULL,0,NULL,NULL,NULL,NULL),(86,6,6,NULL,NULL,'Bei den Senioren ca. 2006',NULL,NULL,NULL),(87,7,6,NULL,NULL,'Abwehr',NULL,NULL,NULL),(88,8,6,NULL,NULL,'FC Schalke 04',NULL,NULL,NULL),(89,1,10,NULL,NULL,NULL,NULL,'1981-12-28',NULL),(90,2,10,NULL,NULL,'Twix oder Präsi',NULL,NULL,NULL),(91,3,10,NULL,NULL,'10',NULL,NULL,NULL),(92,4,10,NULL,184,NULL,NULL,NULL,NULL),(93,5,10,NULL,82,NULL,NULL,NULL,NULL),(94,6,10,NULL,NULL,'2001',NULL,NULL,NULL),(95,7,10,NULL,NULL,'Sturm oder am Rand stehen und den Spielern Anweisungen geben',NULL,NULL,NULL),(96,8,10,NULL,NULL,'FC Bayern München, Schützenverein Holthausen / Bleking und St. Johanni Borken',NULL,NULL,NULL),(97,1,24,NULL,NULL,NULL,NULL,'0000-00-00',NULL),(98,2,24,NULL,NULL,'Rainey',NULL,NULL,NULL),(99,3,24,NULL,NULL,'5',NULL,NULL,NULL),(100,4,24,NULL,190,NULL,NULL,NULL,NULL),(101,5,24,NULL,102,NULL,NULL,NULL,NULL),(102,6,24,NULL,NULL,'ca 2001',NULL,NULL,NULL),(103,7,24,NULL,NULL,'Abwehr, Mittelfeld',NULL,NULL,NULL),(104,8,24,NULL,NULL,'Bayern München',NULL,NULL,NULL),(105,1,23,NULL,NULL,NULL,NULL,'1985-08-23',NULL),(106,2,23,NULL,NULL,'Schlotti, König',NULL,NULL,NULL),(107,3,23,NULL,NULL,'variabel',NULL,NULL,NULL),(108,4,23,NULL,185,NULL,NULL,NULL,NULL),(109,5,23,NULL,75,NULL,NULL,NULL,NULL),(110,6,23,NULL,NULL,'einigen Jahren',NULL,NULL,NULL),(111,7,23,NULL,NULL,'überall einsetzbar',NULL,NULL,NULL),(112,8,23,NULL,NULL,'der große BvB',NULL,NULL,NULL),(113,1,11,NULL,NULL,NULL,NULL,'1990-08-21',NULL),(114,2,11,NULL,NULL,'Gomez',NULL,NULL,NULL),(115,3,11,NULL,NULL,'33',NULL,NULL,NULL),(116,4,11,NULL,190,NULL,NULL,NULL,NULL),(117,5,11,NULL,85,NULL,NULL,NULL,NULL),(118,6,11,NULL,NULL,'2006',NULL,NULL,NULL),(119,7,11,NULL,NULL,'Stürmer',NULL,NULL,NULL),(120,8,11,NULL,NULL,'VfB Stuttgart',NULL,NULL,NULL),(121,1,33,NULL,NULL,NULL,NULL,'1993-08-17',NULL),(122,2,33,NULL,NULL,'Zé',NULL,NULL,NULL),(123,3,33,NULL,NULL,'17',NULL,NULL,NULL),(124,4,33,NULL,180,NULL,NULL,NULL,NULL),(125,5,33,NULL,82,NULL,NULL,NULL,NULL),(126,6,33,NULL,NULL,'2009',NULL,NULL,NULL),(127,7,33,NULL,NULL,'',NULL,NULL,NULL),(128,8,33,NULL,NULL,'Fc Schalke 04',NULL,NULL,NULL),(129,1,45,NULL,NULL,NULL,NULL,'1994-03-17',NULL),(130,2,45,NULL,NULL,'Selle',NULL,NULL,NULL),(131,3,45,NULL,NULL,'2',NULL,NULL,NULL),(132,4,45,NULL,182,NULL,NULL,NULL,NULL),(133,5,45,NULL,100,NULL,NULL,NULL,NULL),(134,6,45,NULL,NULL,'immer',NULL,NULL,NULL),(135,7,45,NULL,NULL,'Links',NULL,NULL,NULL),(136,8,45,NULL,NULL,'Schalke',NULL,NULL,NULL);
/*!40000 ALTER TABLE `jos_fussball_attributevalue` ENABLE KEYS */;
UNLOCK TABLES;

--
-- Table structure for table `jos_fussball_infos`
--

DROP TABLE IF EXISTS `jos_fussball_infos`;
/*!40101 SET @saved_cs_client     = @@character_set_client */;
/*!40101 SET character_set_client = utf8 */;
CREATE TABLE `jos_fussball_infos` (
  `id` int(11) NOT NULL AUTO_INCREMENT,
  `name` varchar(255) DEFAULT NULL,
  `value` text,
  PRIMARY KEY (`id`),
  KEY `infos_name_index` (`name`)
) ENGINE=InnoDB AUTO_INCREMENT=2 DEFAULT CHARSET=latin1;
/*!40101 SET character_set_client = @saved_cs_client */;

--
-- Dumping data for table `jos_fussball_infos`
--

LOCK TABLES `jos_fussball_infos` WRITE;
/*!40000 ALTER TABLE `jos_fussball_infos` DISABLE KEYS */;
INSERT INTO `jos_fussball_infos` VALUES (1,'db_version','0.05');
/*!40000 ALTER TABLE `jos_fussball_infos` ENABLE KEYS */;
UNLOCK TABLES;

--
-- Table structure for table `jos_fussball_mannschaft`
--

DROP TABLE IF EXISTS `jos_fussball_mannschaft`;
/*!40101 SET @saved_cs_client     = @@character_set_client */;
/*!40101 SET character_set_client = utf8 */;
CREATE TABLE `jos_fussball_mannschaft` (
  `id` int(11) NOT NULL AUTO_INCREMENT,
  `name` varchar(255) NOT NULL,
  `isDefault` tinyint(1) DEFAULT NULL,
  PRIMARY KEY (`id`)
) ENGINE=InnoDB AUTO_INCREMENT=123 DEFAULT CHARSET=latin1;
/*!40101 SET character_set_client = @saved_cs_client */;

--
-- Dumping data for table `jos_fussball_mannschaft`
--

LOCK TABLES `jos_fussball_mannschaft` WRITE;
/*!40000 ALTER TABLE `jos_fussball_mannschaft` DISABLE KEYS */;
INSERT INTO `jos_fussball_mannschaft` VALUES (1,'Holthausen',1),(3,'Timpen',0),(4,'FC Fiat Gescher',0),(5,'RW Trimbach',0),(6,'SF Klein Reken',0),(7,'FC Böinghook',0),(8,'Bröker Jungs',0),(9,'Brinker Jungs',0),(10,'Cosmos Weseke',0),(11,'Fortuna Bieling',0),(12,'Warme Brüder',0),(13,'Abretter Haltern',0),(14,'Männerring Nettenberge',0),(15,'Geile Schlangen',0),(16,'Die Mutigen',0),(17,'BSG Giants',0),(18,'Generation Borussia',0),(19,'KC Bitboyz',0),(20,'A-Jugend Gemen',0),(21,'KC Puppenjäger',0),(22,'Bk Snus',0),(23,'Theken Verein Burlo',0),(24,'Velen III',0),(25,'Weseke II',0),(26,'1. FC Bonhoefferring',0),(27,'Football Legends',0),(28,'Derperdados',0),(29,'Fc Lupine',0),(30,'Bierkönige',0),(31,'5 gegen Willi',0),(32,'Sommermärchen',0),(33,'FC Nordick',0),(34,'Moppentruppe',0),(35,'VfL Ramsdorf III',0),(36,'Hochmoor Alte Herren',0),(37,'FC Chelsea Longdong',0),(38,'Profi Lachse',0),(39,'The Mixery',0),(40,'Tecktonic Killers',0),(41,'BW Hülsten',0),(42,'Feuerwehr Klein Reken',0),(43,'Croatia Reken',0),(44,'Geile Schlangen',0),(45,'Heidener Straße',0),(46,'Styllympic',0),(47,'Castle Velen',0),(48,'Wemser',0),(49,'1 FC Bonhoefferring',0),(50,'EL Canarinhos 08',0),(51,'Illerhusen',0),(52,'Die Dritte',0),(53,'Puppenjäger 02',0),(54,'Tecis',0),(55,'BSG Foseco',0),(56,'All Stars 2',0),(57,'Juventus Urin',0),(58,'LOK 05',0),(59,'Alte Herren',0),(60,'Moppentruppe',0),(61,'Snazzy Numbers',0),(62,'Team Norris',0),(63,'Die Schlucker',0),(64,'VfB Kirchhellen',0),(65,'Schoppens Keller',0),(66,'St. Jo Zockers',0),(67,'Habibis',0),(68,'VR-Bank',0),(69,'Numbers',0),(70,'Foseco',0),(71,'Wietholt & Bresser',0),(72,'Kellerkinder Fliederbusch',0),(73,'BW Hülsten 2/3',0),(74,'Illerhusen Old Stars',0),(75,'Team Rotthaus',0),(76,'Die Warmen Brüder',0),(77,'VfL Ramsdorf 3',0),(78,'Ferformte Flunkies',0),(79,'Chipmonkeys',0),(80,'Sg Borken Damen',0),(81,'Wizzards',0),(82,'VfL Ramsdorf 2',0),(83,'Länderbräu',0),(84,'SuS Stadlohn 2.1',0),(85,'KC Knapp daneben',0),(86,'FSV Malvin 08',0),(87,'Victoria Beckmann',0),(88,'Hoxfeld III',0),(89,'Sternbusch Kickers',0),(90,'Pöhler',0),(91,'TG Hengeler',0),(92,'Wemser',0),(93,'SG Borken IV',0),(94,'FC Marbeck A Jugend',0),(95,'KLJB Marbeck',0),(96,'Ostermann',0),(97,'SuS 2.0',0),(98,'Ultras SVB',0),(99,'POW',0),(100,'Olesch United',0),(101,'Bocholter Balltänzer',0),(102,'Die Fahrradständer',0),(103,'Fubs Malkis',0),(104,'FSV Malvin 08',0),(105,'Inferno Velen',0),(106,'Borle',0),(107,'Beckmann 2',0),(108,'Erle',0),(109,'FC Marbeck 2',0),(110,'The F-Kickers Heiden',0),(111,'Becks Premium 14',0),(112,'Knapp daneben',0),(113,'Duisburger Personalleasing',0),(114,'Sangria Club Lembeck',0),(115,'die Schlucker',0),(116,'HTT Stadtlohn',0),(117,'Container ;-)',0),(118,'Container',0),(119,'Bier',0),(120,'Ingelheim',0),(121,'Pauskicker Altstätte',0),(122,'Borussia Buttenstadt',0);
/*!40000 ALTER TABLE `jos_fussball_mannschaft` ENABLE KEYS */;
UNLOCK TABLES;

--
-- Table structure for table `jos_fussball_saison`
--

DROP TABLE IF EXISTS `jos_fussball_saison`;
/*!40101 SET @saved_cs_client     = @@character_set_client */;
/*!40101 SET character_set_client = utf8 */;
CREATE TABLE `jos_fussball_saison` (
  `id` int(11) NOT NULL AUTO_INCREMENT,
  `name` varchar(255) NOT NULL,
  `isDefault` tinyint(1) DEFAULT NULL,
  PRIMARY KEY (`id`)
) ENGINE=InnoDB AUTO_INCREMENT=9 DEFAULT CHARSET=latin1;
/*!40101 SET character_set_client = @saved_cs_client */;

--
-- Dumping data for table `jos_fussball_saison`
--

LOCK TABLES `jos_fussball_saison` WRITE;
/*!40000 ALTER TABLE `jos_fussball_saison` DISABLE KEYS */;
INSERT INTO `jos_fussball_saison` VALUES (1,'2008',0),(2,'2009',0),(3,'2010',0),(4,'2011',0),(5,'2012',0),(6,'2013',0),(7,'2014',0),(8,'2015',1);
/*!40000 ALTER TABLE `jos_fussball_saison` ENABLE KEYS */;
UNLOCK TABLES;

--
-- Table structure for table `jos_fussball_spiel`
--

DROP TABLE IF EXISTS `jos_fussball_spiel`;
/*!40101 SET @saved_cs_client     = @@character_set_client */;
/*!40101 SET character_set_client = utf8 */;
CREATE TABLE `jos_fussball_spiel` (
  `id` int(11) NOT NULL AUTO_INCREMENT,
  `idSpiel_typ` int(11) NOT NULL,
  `idMannschaft2` int(11) NOT NULL,
  `idMannschaft1` int(11) NOT NULL,
  `datum` datetime DEFAULT NULL,
  `spielbeschreibung` text,
  `tore1` int(11) DEFAULT NULL,
  `tore2` int(11) DEFAULT NULL,
  `idSaison` int(11) NOT NULL,
  PRIMARY KEY (`id`),
  KEY `spiel_FKIndex1` (`idMannschaft2`),
  KEY `spiel_FKIndex2` (`idMannschaft1`),
  KEY `spiel_FKIndex3` (`idSpiel_typ`),
  KEY `spiel_FKIndex4` (`idSaison`),
  CONSTRAINT `Rel_10` FOREIGN KEY (`idSaison`) REFERENCES `jos_fussball_saison` (`id`),
  CONSTRAINT `Rel_M1` FOREIGN KEY (`idMannschaft2`) REFERENCES `jos_fussball_mannschaft` (`id`),
  CONSTRAINT `Rel_M2` FOREIGN KEY (`idMannschaft1`) REFERENCES `jos_fussball_mannschaft` (`id`),
  CONSTRAINT `Rel_SpielTyp` FOREIGN KEY (`idSpiel_typ`) REFERENCES `jos_fussball_spiel_typ` (`id`)
) ENGINE=InnoDB AUTO_INCREMENT=292 DEFAULT CHARSET=latin1;
/*!40101 SET character_set_client = @saved_cs_client */;

--
-- Dumping data for table `jos_fussball_spiel`
--

LOCK TABLES `jos_fussball_spiel` WRITE;
/*!40000 ALTER TABLE `jos_fussball_spiel` DISABLE KEYS */;
INSERT INTO `jos_fussball_spiel` VALUES (4,2,4,1,'2008-03-17 19:30:00','<p>Nachdem wir gut begonnen haben und uns in den ersten 10 Min. ein paar gute Tormöglichkeiten erspielt hatten wurde der Gast aus Gescher stärker und kam durch zwei individuelle Fehler zu zwei Treffern.</p><p>Bei beiden Gegentoren sah unsere Defensivabteilung nicht unbedingt gut aus.</p><p>Trotz der Gegentreffer ließen wir aber die Köpfe nicht hängen und gingen noch in der ersten Halbzeit durch zwei schöne Treffer ( besonders das zweite Tor war sehenswert ) von Stefan Hüging und einem Tor von Norbert Roßkamp in Führung.</p><p>Nachdem Seitenwechsel und etlichen Spielerwechsel ( <u>insgesamt kamen gestern 20 Spieler zum Einsatz</u> ) haben wir das Spiel immer mehr in den Griff bekommen und uns weitere gute Möglichkeiten erspielt, die dann auch zu den weiteren Treffern durch Norbert Roßkamp, zweimal Benny Sicking und einem \"tollen\" Schuß aus ca. 30 mtr von Alex Kerkhoff führten.</p><p>Besonders erfreulich war die große Anzahl der Spieler, die auch alle eingesetzt wurden und das trotz der vielen Wechsel in der Halbzeit der Spielfluss nicht gelitten hat und wir in beiden Halbzeiten eine gute Partie abgeliefert haben.</p>',7,2,1),(5,2,5,1,'2008-03-04 19:30:00','<p>Trimbach ging nach einer Flanke und einem \"Durcheinander\" im 16er in Fühurung.</p><p>Nach ca. 10 Min in Halbzeit 2 glichen wir aus - Eigentor durch einen Spieler von Trimbach.</p><p>Dafür, dass die unser erstes Spiel war sah die Sache recht ordentlich aus.</p><p>Man muss auch dabei sagen, dass wir insgesamt 16 Feldspieler (! ! !) zur Verfügung hatten und </p><p>dementsprechend durchgewechselt haben, damit alle Spieler zum Einsatz kamen.</p>',1,1,1),(6,1,1,6,'2008-04-21 19:00:00','',6,0,1),(7,1,1,7,'2008-05-07 19:00:00','',1,5,1),(8,1,1,8,'2008-05-21 19:00:00','',2,1,1),(9,1,9,1,'2008-05-26 19:00:00','',5,3,1),(10,1,1,10,'2008-05-31 15:00:00','',10,4,1),(11,1,1,11,'2008-06-16 18:30:00','',3,8,1),(12,3,1,12,'2007-12-28 00:00:00','',1,4,1),(13,3,13,1,'2007-12-28 00:00:00','',1,2,1),(14,3,14,1,'2007-12-28 00:00:00','',1,3,1),(15,3,1,15,'2008-01-05 00:00:00','',2,4,1),(16,3,16,1,'2008-01-05 00:00:00','',0,4,1),(17,3,6,1,'2008-01-05 00:00:00','',0,2,1),(18,3,1,17,'2008-01-12 00:00:00','',4,6,1),(19,3,18,1,'2008-01-12 14:19:00','',2,0,1),(20,3,19,1,'2008-01-12 00:00:00','',4,3,1),(21,3,20,1,'2008-01-12 00:00:00','',2,1,1),(22,3,1,21,'2008-01-12 00:00:00','',0,3,1),(23,3,1,22,'2008-01-12 00:00:00','',1,1,1),(24,3,23,1,'2008-01-12 00:00:00','',5,4,1),(25,3,24,1,'2008-01-26 00:00:00','',5,0,1),(26,3,1,25,'2008-01-26 00:00:00','',1,2,1),(27,3,27,1,'2008-01-26 00:00:00','',2,4,1),(28,3,1,26,'2008-00-26 00:00:00','',0,0,1),(29,3,1,6,'2008-01-26 00:00:00','',0,2,1),(30,3,1,28,'2008-01-26 00:00:00','',0,0,1),(31,3,1,9,'2008-06-22 10:00:00','',0,2,1),(32,3,1,30,'2008-06-22 10:00:00','',1,4,1),(33,3,1,32,'2008-06-22 10:00:00','',3,3,1),(34,3,31,1,'2008-06-22 10:00:00','',0,2,1),(35,3,29,1,'2008-06-22 10:00:00','',0,1,1),(36,1,1,3,'2008-06-24 19:00:00','',2,1,1),(37,3,9,1,'2008-06-29 11:00:00','',2,2,1),(38,3,1,33,'2008-06-29 11:00:00','',0,1,1),(39,3,34,1,'2008-06-29 11:00:00','',1,1,1),(40,3,1,35,'2008-06-29 11:00:00','',1,2,1),(41,1,11,1,'2008-08-18 19:00:00','',11,7,1),(42,1,1,29,'2008-00-13 15:00:00','',1,3,1),(43,2,1,36,'2008-08-20 19:00:00','',1,2,1),(44,1,1,9,'2008-09-15 19:00:00','',3,2,1),(45,1,7,1,'2008-09-22 19:00:00','',2,2,1),(46,1,8,1,'2008-09-29 19:00:00','',4,6,1),(47,1,6,1,'2008-10-11 15:00:00','',2,6,1),(48,2,5,1,'2008-11-05 19:00:00','',4,1,1),(49,1,3,1,'2008-10-18 15:00:00','',2,5,1),(50,1,29,1,'2008-01-01 00:00:00','',5,2,1),(52,3,1,37,'2008-12-27 11:18:00','',0,1,2),(53,3,13,1,'2008-12-27 13:06:00','',3,0,2),(54,3,1,39,'2008-12-27 14:18:00','',0,0,2),(55,3,38,1,'2008-12-27 15:30:00','',2,3,2),(56,3,1,40,'2008-12-27 16:54:00','',2,1,2),(57,3,42,1,'2009-01-17 00:00:00','',14,0,2),(58,3,1,8,'2009-01-17 00:00:00','',1,0,2),(59,3,43,1,'2009-01-17 00:00:00','',1,1,2),(60,3,1,37,'2009-01-17 00:00:00','',1,1,2),(61,3,1,41,'2009-01-17 00:00:00','',2,3,2),(62,3,44,1,'2009-01-17 00:00:00','',2,5,2),(63,3,1,45,'2009-01-18 00:00:00','',1,3,2),(64,3,46,1,'2009-01-18 00:00:00','',4,0,2),(65,3,47,1,'2009-01-18 00:00:00','',0,6,2),(66,3,48,1,'2009-01-18 00:00:00','',0,1,2),(67,3,1,49,'2009-01-24 00:00:00','',1,1,2),(68,3,6,1,'2009-01-24 00:00:00','',5,0,2),(69,3,1,50,'2009-01-24 00:00:00','',2,3,2),(70,3,1,51,'2009-01-24 00:00:00','',3,1,2),(71,3,1,52,'2009-02-07 00:00:00','',2,3,2),(72,3,1,45,'2009-02-07 00:00:00','',2,4,2),(73,3,53,1,'2009-02-07 00:00:00','',3,1,2),(74,3,1,54,'2009-02-07 00:00:00','',1,0,2),(75,3,55,1,'2009-02-07 00:00:00','',1,2,2),(76,3,56,1,'2009-02-07 00:00:00','',1,3,2),(77,3,1,55,'2009-02-15 00:00:00','',1,1,2),(78,3,1,57,'2009-02-15 00:00:00','',1,0,2),(79,3,1,58,'2009-02-15 00:00:00','',1,0,2),(80,1,7,1,'2009-03-30 19:00:00','',3,6,2),(81,1,9,1,'2009-04-08 19:00:00','',2,2,2),(82,1,1,29,'2009-04-20 14:22:35','',2,4,2),(83,1,11,1,'2009-04-27 19:00:00','',5,1,2),(84,1,1,7,'2009-05-27 19:00:00','',2,1,2),(85,1,29,1,'2009-06-03 19:00:00','',2,0,2),(86,1,10,1,'2009-06-06 15:00:00','',2,2,2),(87,1,1,6,'2009-04-20 19:00:00','',7,1,2),(88,1,1,11,'2009-06-15 19:00:00','',2,4,2),(89,1,3,1,'2009-05-13 19:00:00','',1,1,2),(90,2,59,1,'2009-06-27 16:30:00','',11,2,2),(91,3,35,1,'2009-06-28 00:00:00','',4,0,2),(92,3,5,1,'2009-06-28 00:00:00','',3,3,2),(93,1,9,1,'2009-06-28 00:00:00','',2,2,2),(94,3,60,1,'2009-06-28 00:00:00','',3,2,2),(95,1,6,1,'2009-06-30 19:00:00','',5,5,2),(96,3,1,3,'2009-07-27 19:00:36','',4,3,2),(97,1,1,8,'2009-09-21 19:00:00','',0,5,2),(98,1,1,9,'2009-08-24 19:00:00','',2,3,2),(99,1,8,1,'0000-00-00 00:00:00','',0,0,2),(100,1,3,1,'2009-10-05 19:00:00','',3,3,2),(101,2,1,5,'2009-10-24 15:00:00','',0,8,2),(102,3,46,1,'2009-12-05 00:00:00','',0,4,3),(103,3,1,61,'2009-12-05 00:00:00','',1,1,3),(104,3,1,62,'2009-12-05 00:00:00','',5,3,3),(105,3,1,64,'2009-12-19 00:00:00','',2,2,3),(106,3,42,1,'2009-12-19 00:00:00','',5,0,3),(107,3,1,8,'2009-12-19 00:00:00','',0,1,3),(108,3,63,1,'2009-12-19 00:00:00','',2,1,3),(109,3,43,1,'2009-12-19 00:00:00','',1,2,3),(110,3,63,1,'2009-12-19 00:00:00','',4,6,3),(111,3,1,6,'2009-12-19 00:00:00','',3,0,3),(112,3,65,1,'2010-01-02 00:00:00','',4,0,3),(113,3,1,6,'2010-01-02 00:00:00','',1,1,3),(114,3,1,14,'2010-01-02 00:00:00','',3,2,3),(115,3,66,1,'2010-01-02 00:00:00','',7,0,3),(116,3,1,67,'2010-01-02 00:00:00','',2,1,3),(117,3,1,10,'2010-01-02 00:00:00','',5,1,3),(118,3,1,69,'2010-01-16 00:00:00','',1,0,3),(119,3,1,70,'2010-01-16 00:00:00','',3,0,3),(120,3,43,1,'2010-01-16 00:00:00','',0,3,3),(121,3,1,68,'2010-01-16 00:00:00','',2,3,3),(122,3,1,21,'2010-01-23 00:00:00','',4,2,3),(123,3,1,45,'2010-01-23 00:00:00','',2,3,3),(124,3,1,71,'2010-01-23 00:00:00','',5,2,3),(125,3,72,1,'2010-01-24 00:00:00','',2,2,3),(126,3,1,79,'2010-01-24 00:00:00','',0,2,3),(127,3,1,74,'2010-01-24 00:00:00','',2,4,3),(128,3,73,1,'2010-01-24 00:00:00','',1,0,3),(129,3,76,1,'2010-01-24 00:00:00','',3,3,3),(130,3,1,75,'2010-01-24 00:00:00','',3,2,3),(131,3,1,77,'2010-01-24 00:00:00','',1,3,3),(132,3,78,1,'2010-01-24 00:00:00','',3,0,3),(133,3,1,22,'2010-02-06 00:00:00','',3,1,3),(134,3,80,1,'2010-02-06 00:00:00','',7,0,3),(135,3,1,54,'2010-02-06 00:00:00','',0,3,3),(136,3,1,81,'2010-02-06 00:00:00','',2,3,3),(137,3,1,72,'2010-02-06 00:00:00','',0,1,3),(138,3,84,1,'2010-02-06 00:00:00','',0,2,3),(139,3,82,1,'2010-02-06 00:00:00','',0,3,3),(140,3,83,1,'2010-02-06 00:00:00','',0,2,3),(141,1,8,1,'2010-04-19 19:00:00','',3,0,3),(142,1,10,1,'2010-04-26 19:00:00','',1,2,3),(143,1,1,7,'2010-05-31 19:00:00','',4,9,3),(144,1,9,1,'2010-06-07 19:00:00','',2,2,3),(145,2,1,36,'2010-06-09 19:00:00','',3,2,3),(146,2,59,1,'2010-07-26 16:00:00','',12,0,3),(147,3,1,9,'2010-06-27 00:00:00','',6,1,3),(148,3,34,1,'2010-06-27 00:00:00','',1,1,3),(149,3,1,35,'2010-06-27 00:00:00','',5,5,3),(150,1,1,29,'2010-06-16 19:00:00','',5,1,3),(151,1,1,11,'2010-06-21 19:00:00','',1,8,3),(152,1,6,1,'2010-07-17 15:00:00','',4,3,3),(153,1,3,1,'2010-08-23 19:00:00','',11,3,3),(154,1,1,10,'2010-09-08 19:00:00','',3,2,3),(155,1,11,1,'2010-09-15 19:00:00','',6,3,3),(156,1,1,8,'2010-09-20 19:00:00','',0,1,3),(157,2,1,4,'2010-10-16 15:00:00','',0,2,3),(158,3,1,85,'2011-08-01 10:00:00','',0,0,4),(159,3,87,1,'2011-08-01 10:00:00','',0,3,4),(160,3,86,1,'2011-08-01 10:00:00','',2,5,4),(161,3,76,1,'2011-08-01 10:00:00','',1,3,4),(162,3,1,8,'2011-08-01 10:00:00','',0,5,4),(163,3,90,1,'0000-00-00 00:00:00','',5,0,4),(164,3,1,91,'0000-00-00 00:00:00','',2,4,4),(165,3,1,55,'0000-00-00 00:00:00','',1,2,4),(166,3,92,1,'0000-00-00 00:00:00','',2,4,4),(167,3,89,1,'2011-09-01 10:00:00','',2,4,4),(168,3,88,1,'2011-09-01 10:00:00','',2,4,4),(169,3,93,1,'2011-09-01 10:00:00','',1,3,4),(170,3,94,1,'2011-09-01 10:00:00','',1,4,4),(171,1,1,11,'2011-04-11 19:00:00','',1,4,4),(172,1,1,6,'2011-05-02 19:00:00','',2,4,4),(173,1,8,1,'2011-00-00 00:00:00','',2,0,4),(174,1,1,9,'2011-05-16 19:00:00','',2,4,4),(175,3,34,1,'2011-06-19 14:00:00','Jubiläum 40 Jahre - Alt Herren Turnier',0,1,4),(176,3,36,1,'2011-06-19 14:00:00','Jubiläum 40 Jahre - Alt Herren Turnier',1,0,4),(177,3,9,1,'2011-06-19 14:00:00','Jubiläum 40 Jahre - Alt Herren Turnier',3,0,4),(178,3,5,1,'2011-06-19 14:00:00','Jubiläum 40 Jahre - Alt Herren Turnier',0,1,4),(179,1,7,1,'2011-00-00 00:00:00','',4,3,4),(180,2,1,59,'2011-06-23 16:00:00','',3,5,4),(181,1,7,1,'2011-00-00 00:00:00','',6,2,4),(182,1,1,29,'2011-00-00 00:00:00','',0,4,4),(183,1,9,1,'2011-00-00 00:00:00','',6,1,4),(184,1,10,1,'2011-00-00 00:00:00','',3,1,4),(185,1,6,1,'2011-00-00 00:00:00','',6,0,4),(186,1,8,1,'2011-00-00 00:00:00','',7,0,4),(187,1,11,1,'2011-00-00 00:00:00','',8,3,4),(188,1,10,1,'2011-00-00 00:00:00','',6,1,4),(189,1,29,1,'2011-00-00 00:00:00','',3,3,4),(190,3,96,1,'2012-01-07 14:43:00','Hallentunier',3,1,5),(191,3,1,82,'2012-01-07 15:35:00','Hallentunier',1,0,5),(192,3,1,95,'2012-01-07 16:27:04','Hallentunier',0,0,5),(193,3,70,1,'2012-01-07 17:19:15','Hallentunier',1,2,5),(194,3,1,54,'2012-01-21 13:00:00','Hallentunier: Tecis Cup 2012',2,2,5),(195,3,97,1,'2012-01-21 14:00:06','Hallentunier: Tecis Cup 2012',2,0,5),(196,3,101,1,'2012-01-21 15:24:00','Hallentunier: Tecis Cup 2012',3,3,5),(197,3,1,98,'2012-01-21 15:48:20','Hallentunier: Tecis Cup 2012',5,3,5),(198,3,102,1,'2012-01-21 17:12:00','Hallentunier: Tecis Cup 2012',2,5,5),(199,3,1,100,'2012-01-21 18:00:00','Hallentunier: Tecis Cup 2012',5,4,5),(200,3,99,1,'2012-01-21 19:24:00','Hallentunier: Tecis Cup 2012',4,5,5),(201,3,9,1,'2012-01-28 11:00:55','Hallentunier: SF Klein Reken',1,0,5),(202,3,1,103,'2012-01-28 11:43:51','Hallentunier: SF Klein Reken',1,1,5),(203,3,1,104,'2012-01-28 12:25:55','Hallentunier: SF Klein Reken',1,1,5),(204,3,1,76,'2012-01-28 14:12:56','Hallentunier: SF Klein Reken',3,3,5),(205,3,5,1,'2012-01-28 15:00:13','<p>Hallentunier: SF Klein Reken   </p><p>&nbsp;</p><p>ungeschlagen Vorrunden aus<img src=\"plugins/editors/tinymce/jscripts/tiny_mce/plugins/emotions/images/smiley-cry.gif\" border=\"0\" alt=\"Cry\" title=\"Cry\" /></p>',2,1,5),(206,1,1,29,'2012-04-23 19:02:00','<p>Erstes Spiel und sofort verloren</p><p>Kopf hoch !!!</p><p>5Tore Auswärts ist schon was </p><p>4 Tore von Cartsen </p><p>&nbsp;</p><p>Nächstes mal haben die Sippelköppe bestimmt einen besseren Platz.</p><p>(geht auch nicht mehr schlechter...)</p>',7,5,5),(207,1,1,6,'2012-04-30 19:05:00','<p>Ein spannendes Spiel </p><p>Die neuen Trikots brauchen noch etwas bis sie funktionieren </p>',2,1,5),(208,1,1,9,'2012-05-30 19:03:13','<p>Ein sehr spannendes Spiel.</p><p>&nbsp;</p><p>Der Erste! Punkt in neuen Trikots.</p><p>&nbsp;</p><p>3 Neue Mitglieder/Spieler  </p><p>Christian Bregenberg </p><p>Lukas Uphues</p><p>Sebastian Tegelkamp </p>',1,1,5),(209,1,1,10,'2012-06-11 19:00:53','',5,3,5),(210,1,1,11,'2012-06-18 18:36:21','<p>Der erste Sieg in der Saison</p><p> und damit beenden wir unsere Hinrunde mit 4 Punkte aus 5 Spielen.</p><p>Für Johannes Schulze Holthausen war es nicht nur der erste Sieg sondern auch,</p><p>sein  erstes Spiel überhaupt für den HSV.</p><p> \'Man of the Match\' war ganz klar Manfred Roßkamp mit seiner Kondition und denn 3Toren.</p>',3,7,5),(211,2,59,1,'2012-06-23 14:57:17','<p>Sieg für Jung</p><p>&nbsp;</p><p>Eindeutiges langweiliges Spiel, mit einigen namentlich nicht erwähnten Überläufern(manni)</p><p> Die Kondition der Alten konnte man mit einen Stein vergleichen, wobei ein Stein Berg ab es meistens bis unten schaft, wenn er ins Rollen kommt.  </p><p>Ein Lob an den sehr fairen Schiri, der mit seinen Entscheidungen immer Richtig lag und zum Glück der Alten (z.B.Frank) die Karten vergesen hat.</p><p>Dies war das erste Spiel für:</p><p>  Lars Bröring, Tobias Holtkamp, Tim Bartholme und Steffen Uphues</p><p>Das erste Tor: Michael Trepmann </p><p>und der gefühlte erste Ballkontakt: Juppi Döring </p>',6,1,5),(212,3,9,1,'2012-06-24 14:57:00','<p>Pokaltunier</p><p>&nbsp;</p>',2,2,5),(213,3,29,1,'2012-06-24 15:14:27','<p>Pokaltunier</p><p>&nbsp;</p>',1,1,5),(214,3,6,1,'2012-06-24 15:20:12','Pokaltunier',2,1,5),(215,3,77,1,'2012-06-24 15:22:42','<p>Pokaltunier</p><p>1!Platz  </p><p>&nbsp;</p><p>erstes Tor für fruti!i! </p>',5,1,5),(216,3,105,1,'2012-06-24 14:29:54','<p>Pokaltunier</p><p>&nbsp;</p>',2,0,5),(217,1,29,1,'2012-07-02 17:43:37','<p>Das Erste Heimspiel und der zweite Sieg in der jetzigen Spielzeit </p><p> </p><p>Im Spiel gegen den Tabellenführer schossen wir 6Tore, unterandern auch  </p><p> Sebastian Tegelkamp, der per Elfer sein erstes für den Hsv schoss.</p><p>Hoffentlich werden die nächsten Heimspiele auch so gut.</p><p> </p>',6,1,5),(218,1,10,1,'2012-09-19 18:45:52','',2,6,5),(219,1,11,1,'2012-09-24 19:00:00','',7,5,5),(220,1,9,1,'2012-09-03 19:19:00','',0,0,5),(221,1,9,1,'2012-09-03 19:19:00','',2,5,5),(222,1,6,1,'2012-09-10 19:25:00','',4,1,5),(223,2,36,1,'2012-09-26 16:39:59','',3,0,5),(224,3,68,1,'2013-01-06 09:43:50','',2,1,6),(225,3,109,1,'2013-01-06 11:14:29','',1,2,6),(226,3,1,106,'2013-01-06 12:06:34','',1,1,6),(227,3,107,1,'2013-01-06 12:58:00','',1,2,6),(228,3,108,1,'2013-01-06 15:18:44','',2,1,6),(229,3,82,1,'2013-01-06 16:20:00','',3,4,6),(230,3,111,1,'2012-12-29 10:10:00','',1,1,6),(231,3,1,110,'2012-12-29 11:14:00','',1,4,6),(232,3,114,1,'2012-12-29 13:17:00','',2,1,6),(233,3,115,1,'2012-12-29 15:20:00','',3,2,6),(234,3,113,1,'2012-12-29 15:42:00','',1,1,6),(235,3,1,112,'2012-12-29 16:24:00','',0,5,6),(236,3,12,1,'2012-12-29 17:06:00','',1,0,6),(237,3,10,1,'2012-12-29 17:28:00','',1,4,6),(238,3,116,1,'2013-04-06 18:19:00','',2,2,6),(239,1,29,1,'2013-04-15 18:13:10','',2,1,6),(240,1,1,10,'2013-06-19 15:47:00','',1,6,6),(241,1,1,6,'2013-05-15 15:52:23','',7,4,6),(242,1,1,9,'2013-04-24 15:59:07','',2,2,6),(243,1,1,11,'2013-05-27 16:03:26','',2,9,6),(244,3,1,116,'2013-05-20 13:09:18','',3,9,6),(245,1,1,29,'2013-06-24 13:12:00','',3,5,6),(246,2,59,1,'2013-06-29 08:24:00','',6,4,6),(247,3,1,11,'2013-07-08 08:33:00','',6,5,6),(248,3,1,4,'2013-08-10 15:42:32','',4,4,6),(249,3,11,1,'2013-07-27 19:53:38','',9,2,6),(250,1,10,1,'2013-09-04 10:37:00','',3,1,6),(251,3,4,1,'2013-08-19 10:46:00','',2,2,6),(252,3,1,117,'2013-06-30 18:30:37','',0,2,6),(253,3,1,35,'2013-06-30 18:36:28','',2,2,6),(254,3,9,1,'2013-06-30 18:38:45','',1,2,6),(255,3,1,29,'2013-06-30 18:40:19','',3,0,6),(256,1,9,1,'2013-09-25 18:47:22','',4,3,6),(257,1,6,1,'2013-09-23 19:00:48','',2,2,6),(258,1,11,1,'2013-09-16 19:04:14','',10,0,6),(259,3,1,119,'2013-12-28 00:00:01','',3,0,7),(260,3,120,1,'2013-12-28 00:00:20','',5,1,7),(261,3,1,111,'2013-12-28 18:11:48','',1,1,7),(262,1,6,1,'2014-05-14 18:19:05','',6,4,7),(263,3,77,1,'2014-06-29 18:34:01','',1,0,7),(264,3,1,9,'2014-06-29 18:38:20','',0,0,7),(265,3,1,7,'2014-06-29 18:39:37','',1,1,7),(266,3,1,29,'2014-06-29 18:39:37','',3,0,7),(267,3,117,1,'2014-06-29 18:42:52','',1,0,7),(268,1,1,11,'2014-04-14 18:46:27','',0,5,7),(269,1,10,1,'2014-09-10 18:53:57','',3,4,7),(270,1,1,29,'2014-07-02 19:04:34','',5,1,7),(271,1,1,9,'2014-06-11 19:14:45','',2,6,7),(272,3,5,1,'2014-08-09 19:18:47','',8,2,7),(273,3,6,1,'2014-01-05 19:57:41','',1,1,7),(274,3,1,58,'2014-01-05 20:02:39','',0,3,7),(275,3,1,107,'2014-01-05 20:05:14','',2,1,7),(276,3,10,1,'2014-01-05 20:07:48','',1,3,7),(277,3,1,5,'2014-08-30 20:10:29','',6,7,7),(278,1,11,1,'2014-08-18 20:24:18','',2,1,7),(279,1,9,1,'2014-09-03 20:32:26','',5,4,7),(280,1,29,1,'2014-05-05 20:37:30','',5,2,7),(281,3,121,1,'2014-03-29 20:49:23','',7,1,7),(282,2,59,1,'2014-06-28 20:58:28','',11,0,7),(283,1,1,10,'2014-05-19 21:13:05','',8,0,7),(284,3,1,121,'2014-06-14 21:13:42','',3,4,7),(285,3,1,122,'2014-04-26 00:00:00','',3,0,7),(286,3,122,1,'2014-07-12 21:16:25','',0,3,7),(287,3,122,1,'2014-09-27 00:00:00','',6,5,7),(288,3,1,122,'2014-10-04 21:18:11','',4,2,7),(289,3,121,1,'2014-01-11 16:43:21','',0,3,7),(290,3,89,1,'2014-01-11 16:46:54','',2,1,7),(291,3,91,1,'2014-01-11 16:50:11','',4,1,7);
/*!40000 ALTER TABLE `jos_fussball_spiel` ENABLE KEYS */;
UNLOCK TABLES;

--
-- Table structure for table `jos_fussball_spiel_typ`
--

DROP TABLE IF EXISTS `jos_fussball_spiel_typ`;
/*!40101 SET @saved_cs_client     = @@character_set_client */;
/*!40101 SET character_set_client = utf8 */;
CREATE TABLE `jos_fussball_spiel_typ` (
  `id` int(11) NOT NULL AUTO_INCREMENT,
  `Name` varchar(255) DEFAULT NULL,
  `Beschreibung` text,
  PRIMARY KEY (`id`)
) ENGINE=InnoDB AUTO_INCREMENT=4 DEFAULT CHARSET=latin1;
/*!40101 SET character_set_client = @saved_cs_client */;

--
-- Dumping data for table `jos_fussball_spiel_typ`
--

LOCK TABLES `jos_fussball_spiel_typ` WRITE;
/*!40000 ALTER TABLE `jos_fussball_spiel_typ` DISABLE KEYS */;
INSERT INTO `jos_fussball_spiel_typ` VALUES (1,'Meisterschaft','Spiel der Meisterschaft'),(2,'Freundschaft','Freundschaftsspiel'),(3,'Turnierspiel','Spiel welches bei einem Turnier stattgefunden hat');
/*!40000 ALTER TABLE `jos_fussball_spiel_typ` ENABLE KEYS */;
UNLOCK TABLES;

--
-- Table structure for table `jos_fussball_spieler`
--

DROP TABLE IF EXISTS `jos_fussball_spieler`;
/*!40101 SET @saved_cs_client     = @@character_set_client */;
/*!40101 SET character_set_client = utf8 */;
CREATE TABLE `jos_fussball_spieler` (
  `id` int(11) NOT NULL AUTO_INCREMENT,
  `idMannschaft` int(11) NOT NULL,
  `kontaktID` int(11) DEFAULT NULL,
  `anzahlSpiele` int(11) DEFAULT NULL,
  `valid` tinyint(1) DEFAULT NULL,
  `name` varchar(255) DEFAULT NULL,
  `anzahlTore` int(11) DEFAULT NULL,
  PRIMARY KEY (`id`),
  KEY `spieler_FKIndex1` (`idMannschaft`),
  CONSTRAINT `Rel_mannschaft` FOREIGN KEY (`idMannschaft`) REFERENCES `jos_fussball_mannschaft` (`id`)
) ENGINE=InnoDB AUTO_INCREMENT=103 DEFAULT CHARSET=latin1;
/*!40101 SET character_set_client = @saved_cs_client */;

--
-- Dumping data for table `jos_fussball_spieler`
--

LOCK TABLES `jos_fussball_spieler` WRITE;
/*!40000 ALTER TABLE `jos_fussball_spieler` DISABLE KEYS */;
INSERT INTO `jos_fussball_spieler` VALUES (5,1,62,134,NULL,'Manfred Rosskamp',19),(6,1,74,45,NULL,'Jürgen Rosskamp',0),(7,1,71,86,NULL,'Daniel Holtkamp',4),(8,1,73,76,NULL,'Benedikt Sicking',26),(9,1,82,374,NULL,'Carsten Deppe',199),(10,1,64,127,NULL,'Michael Raida',18),(11,1,86,65,NULL,'Christian Thesing',9),(12,1,0,28,NULL,'Stefan Thesing',8),(13,1,65,485,NULL,'Norbert Rosskamp',112),(14,1,88,50,NULL,'Jan Storks',2),(15,1,63,2,NULL,'Parick Schlautmann',0),(16,1,85,305,NULL,'Markus Eichhorn',47),(18,1,66,187,NULL,'Sebastian Sieverding',96),(19,1,0,0,NULL,'Heiner Sunderhaus',0),(20,1,68,9,NULL,'Lukas Robert',1),(21,1,72,300,NULL,'Stefan Hüging',106),(22,1,81,115,NULL,'Thomas Schwerhoff',50),(23,1,87,24,NULL,'Michael Schlottbom',9),(24,1,79,129,NULL,'Rainer Hövelbrinks',2),(25,1,70,4,NULL,'Sven Böing',0),(26,1,0,47,NULL,'Tristan Selting',2),(27,1,84,144,NULL,'Alex Kerkhoff',16),(28,1,77,5,NULL,'Hendrik Dirking',0),(29,1,67,70,NULL,'Ludger Rosskamp',0),(30,1,0,1,NULL,'Tobias Bone Winkel',0),(31,1,0,0,NULL,'Bernhard Enning',0),(32,1,0,0,NULL,'Yannick Lövelt',0),(33,1,90,0,NULL,'Michael Trepmann',0),(34,1,0,0,NULL,'Markus Sparwel',0),(35,1,0,4,NULL,'Joschi Kamp',1),(36,1,0,0,NULL,'Marcel Kaiser',0),(37,1,0,0,NULL,'Thorsten Vahlenkamp',0),(38,1,0,1,NULL,'Alex',0),(39,1,0,12,NULL,'Ingo Thiesing',0),(40,1,0,0,NULL,'Philipp Baumeister',0),(41,1,0,0,NULL,'Marius Grevelhorst',0),(42,1,0,0,NULL,'Hendrik Strump',0),(43,1,0,0,NULL,'Fredi Schulze-Holthausen',0),(44,1,0,4,NULL,'Carsten Tiehoff',1),(45,1,106,4,NULL,'Christian Selting',0),(46,1,0,0,NULL,'Christian Schlattmann',0),(47,1,0,0,NULL,'Dennis Kamp',0),(48,1,0,0,NULL,'Marco Korte',0),(49,1,0,765,NULL,'Hubert Holtkamp',0),(50,1,0,734,NULL,'Josef Thesing',0),(51,1,0,623,NULL,'Gerd Tenk',0),(52,1,0,614,NULL,'Andreas Strump',366),(53,1,0,551,NULL,'Andreas Schlüter',0),(54,1,0,0,NULL,'Markus Wobbling',0),(55,1,0,0,NULL,'Tobias Korte',0),(56,1,0,0,NULL,'Dennis Selting',0),(57,1,0,0,NULL,'Stefan Többer',0),(58,1,0,0,NULL,'Hartmut Holtkamp',0),(59,1,0,0,NULL,'Thomas Föcking',0),(60,1,0,0,NULL,'Heino Strump',0),(61,1,0,0,NULL,'Frank Sühling',0),(62,1,0,371,NULL,'Hubert Dirking',336),(63,1,0,0,NULL,'Otto Trepmann',67),(64,1,0,0,NULL,'Kevin Meyerdierks',0),(65,1,0,0,NULL,'Tobias Schemmer',0),(66,1,0,0,NULL,'Philiph Espen Willer',0),(67,1,0,0,NULL,'Bernd Trepmann',0),(68,1,0,0,NULL,'Christian Bregenberg',0),(69,1,0,0,NULL,'Sebastian Tegelkamp',0),(70,1,0,0,NULL,'Lukas Uphues',0),(71,1,0,0,NULL,'Johannes Schulze Holthausen',0),(72,1,0,0,NULL,'Steffen Uphues',0),(73,1,0,0,NULL,'Tim Bartholme',0),(74,1,0,0,NULL,'Tobias Holtkamp',0),(75,1,0,0,NULL,'Lars Bröring',0),(76,1,0,0,NULL,'Simon Zehnpfennig',0),(77,1,0,0,NULL,'Kai Grevenbrock',0),(78,1,0,0,NULL,'Jonas Grave',0),(79,1,0,0,NULL,'Markus Albersmann',0),(80,1,0,0,NULL,'Nils Funke',0),(81,1,0,0,NULL,'Steffen Lübering',0),(82,1,0,0,NULL,'Marius Klose',0),(83,1,0,0,NULL,'Fabian Klose',0),(84,1,0,0,NULL,'Simon Lüneborg',0),(85,1,0,0,NULL,'Jonas Pöpping',0),(86,1,0,0,NULL,'Ivo Schulz',0),(87,1,109,0,NULL,'Christian Bone',0),(88,1,0,0,NULL,'Sören Storks',0),(89,1,0,0,NULL,'Lukas Brokamp',0),(90,1,0,0,NULL,'Jörn Winter',0),(91,1,0,0,NULL,'Bernd Sunderhaus',0),(94,1,0,0,NULL,'Simon T',0),(96,1,0,0,NULL,'Tobias S',0),(97,1,0,0,NULL,'Nils Lütjann',0),(98,1,0,0,NULL,'Sven Spicker',0),(99,1,0,0,NULL,'Lukas Bone',0),(100,1,0,0,NULL,'Pascal Wessling',0),(101,1,0,0,NULL,'Marvin Teichmann',0),(102,1,0,0,NULL,'Tim Batholme',0);
/*!40000 ALTER TABLE `jos_fussball_spieler` ENABLE KEYS */;
UNLOCK TABLES;

--
-- Table structure for table `jos_fussball_spieler_details`
--

DROP TABLE IF EXISTS `jos_fussball_spieler_details`;
/*!40101 SET @saved_cs_client     = @@character_set_client */;
/*!40101 SET character_set_client = utf8 */;
CREATE TABLE `jos_fussball_spieler_details` (
  `id` int(11) NOT NULL DEFAULT '0',
  `Geburtsdatum` date DEFAULT NULL,
  `Spitzname` text COLLATE latin1_german1_ci,
  `Trikotnummer` text COLLATE latin1_german1_ci,
  `Groesse` int(11) DEFAULT NULL,
  `Gewicht` int(11) DEFAULT NULL,
  `Beim_HSV_seit` text COLLATE latin1_german1_ci,
  `Lieblingsposition` text COLLATE latin1_german1_ci,
  `Lieblingsverein` text COLLATE latin1_german1_ci,
  PRIMARY KEY (`id`),
  CONSTRAINT `fk_details_to_spieler` FOREIGN KEY (`id`) REFERENCES `jos_fussball_spieler` (`id`) ON DELETE CASCADE
) ENGINE=InnoDB DEFAULT CHARSET=latin1 COLLATE=latin1_german1_ci;
/*!40101 SET character_set_client = @saved_cs_client */;

--
-- Dumping data for table `jos_fussball_spieler_details`
--

LOCK TABLES `jos_fussball_spieler_details` WRITE;
/*!40000 ALTER TABLE `jos_fussball_spieler_details` DISABLE KEYS */;
INSERT INTO `jos_fussball_spieler_details` VALUES (5,'0000-00-00','Manni','',0,82,'','',''),(6,'1991-06-16','','',183,0,'Bei den Senioren ca. 2006','Abwehr','FC Schalke 04'),(7,'1988-09-23','Buddy','8',180,74,'2004','Verteidiger','Borussia Dortmund'),(8,'1989-08-19','Benny','7',175,68,'seit immer, für immer','offensives Mittelfeld','Borussia Dortmund'),(9,'1983-02-13','Mäkkes','9',183,75,'ich das Licht der Welt erblickt habe ','Zentrales Mittelfeld','FC Schalke 04; Schützenverein Holthausen'),(10,'1981-12-28','Twix','10',184,82,'so ca. 9 Jahre...glaub ich','Sturm oder am Rand stehen und den Spielern Anweisungen geben','FC Bayern München, Schützenverein Holthausen / Bleking und St. Johanni Borken'),(11,'1990-08-21','Gomez','33',190,85,'2006','Stürmer','VfB Stuttgart'),(12,NULL,NULL,NULL,NULL,NULL,NULL,NULL,NULL),(13,'1977-11-29','Rossi','16',193,83,'Jugend','Stürmer','S04'),(14,NULL,NULL,NULL,NULL,NULL,NULL,NULL,NULL),(15,NULL,NULL,NULL,NULL,NULL,NULL,NULL,NULL),(16,NULL,NULL,NULL,NULL,NULL,NULL,NULL,NULL),(18,'1982-07-20','Sibbi','4',190,0,'gute Frage, 5 Jahre?','an der Theke','FC Schalke 04'),(19,NULL,NULL,NULL,NULL,NULL,NULL,NULL,NULL),(20,NULL,NULL,NULL,NULL,NULL,NULL,NULL,NULL),(21,'1983-01-28','','11',0,0,'','',''),(22,NULL,NULL,NULL,NULL,NULL,NULL,NULL,NULL),(23,'1985-08-23','Schlotti, König','variabel',185,75,'einigen Jahren','überall einsetzbar','der große BvB'),(24,'0000-00-00','Rainey','5',190,102,'ca 2001','Abwehr, Mittelfeld','Bayern München'),(25,'1992-05-15','','24',179,61,'2008','Linkes Mittelfeld','Borussia Dortmund'),(26,NULL,NULL,NULL,NULL,NULL,NULL,NULL,NULL),(27,NULL,NULL,NULL,NULL,NULL,NULL,NULL,NULL),(28,'1992-01-27','henne','15',182,75,'2008',' mittelfeld','schalke 04'),(29,'1984-08-04','','23',185,80,'1994','defensiv Mittelfeld','Bayern München'),(30,NULL,NULL,NULL,NULL,NULL,NULL,NULL,NULL),(31,NULL,NULL,NULL,NULL,NULL,NULL,NULL,NULL),(32,NULL,NULL,NULL,NULL,NULL,NULL,NULL,NULL),(33,'1993-08-17','Zé','17',175,76,'2009','','Fc Schalke 04'),(34,NULL,NULL,NULL,NULL,NULL,NULL,NULL,NULL),(35,NULL,NULL,NULL,NULL,NULL,NULL,NULL,NULL),(36,NULL,NULL,NULL,NULL,NULL,NULL,NULL,NULL),(37,NULL,NULL,NULL,NULL,NULL,NULL,NULL,NULL),(38,NULL,NULL,NULL,NULL,NULL,NULL,NULL,NULL),(39,NULL,NULL,NULL,NULL,NULL,NULL,NULL,NULL),(40,NULL,NULL,NULL,NULL,NULL,NULL,NULL,NULL),(41,NULL,NULL,NULL,NULL,NULL,NULL,NULL,NULL),(42,NULL,NULL,NULL,NULL,NULL,NULL,NULL,NULL),(43,NULL,NULL,NULL,NULL,NULL,NULL,NULL,NULL),(44,NULL,NULL,NULL,NULL,NULL,NULL,NULL,NULL),(45,NULL,NULL,NULL,NULL,NULL,NULL,NULL,NULL),(46,NULL,NULL,NULL,NULL,NULL,NULL,NULL,NULL),(47,NULL,NULL,NULL,NULL,NULL,NULL,NULL,NULL),(48,NULL,NULL,NULL,NULL,NULL,NULL,NULL,NULL),(49,NULL,NULL,NULL,NULL,NULL,NULL,NULL,NULL),(50,NULL,NULL,NULL,NULL,NULL,NULL,NULL,NULL),(51,NULL,NULL,NULL,NULL,NULL,NULL,NULL,NULL),(52,NULL,NULL,NULL,NULL,NULL,NULL,NULL,NULL),(53,NULL,NULL,NULL,NULL,NULL,NULL,NULL,NULL),(54,NULL,NULL,NULL,NULL,NULL,NULL,NULL,NULL),(55,NULL,NULL,NULL,NULL,NULL,NULL,NULL,NULL),(56,NULL,NULL,NULL,NULL,NULL,NULL,NULL,NULL),(57,NULL,NULL,NULL,NULL,NULL,NULL,NULL,NULL),(58,NULL,NULL,NULL,NULL,NULL,NULL,NULL,NULL),(59,NULL,NULL,NULL,NULL,NULL,NULL,NULL,NULL),(60,NULL,NULL,NULL,NULL,NULL,NULL,NULL,NULL),(61,NULL,NULL,NULL,NULL,NULL,NULL,NULL,NULL),(62,NULL,NULL,NULL,NULL,NULL,NULL,NULL,NULL),(63,NULL,NULL,NULL,NULL,NULL,NULL,NULL,NULL);
/*!40000 ALTER TABLE `jos_fussball_spieler_details` ENABLE KEYS */;
UNLOCK TABLES;

--
-- Temporary view structure for view `jos_fussball_spieler_saison`
--

DROP TABLE IF EXISTS `jos_fussball_spieler_saison`;
/*!50001 DROP VIEW IF EXISTS `jos_fussball_spieler_saison`*/;
SET @saved_cs_client     = @@character_set_client;
SET character_set_client = utf8;
/*!50001 CREATE VIEW `jos_fussball_spieler_saison` AS SELECT 
 1 AS `id`,
 1 AS `idMannschaft`,
 1 AS `name`,
 1 AS `spiele`,
 1 AS `tore`,
 1 AS `gelb`,
 1 AS `gelbrot`,
 1 AS `rot`*/;
SET character_set_client = @saved_cs_client;

--
-- Table structure for table `jos_fussball_spieler_spiel`
--

DROP TABLE IF EXISTS `jos_fussball_spieler_spiel`;
/*!40101 SET @saved_cs_client     = @@character_set_client */;
/*!40101 SET character_set_client = utf8 */;
CREATE TABLE `jos_fussball_spieler_spiel` (
  `id` int(11) NOT NULL AUTO_INCREMENT,
  `idSpieler` int(11) NOT NULL,
  `idSpiel` int(11) NOT NULL,
  `hasRoteKarte` tinyint(1) DEFAULT NULL,
  `hasGelbeKarte` tinyint(1) DEFAULT NULL,
  `hasGelbRoteKarte` tinyint(1) DEFAULT NULL,
  `anzahlTore` int(11) DEFAULT NULL,
  PRIMARY KEY (`id`),
  KEY `spieler_spiel_FKIndex1` (`idSpiel`),
  KEY `spieler_spiel_FKIndex2` (`idSpieler`),
  CONSTRAINT `Rel_06` FOREIGN KEY (`idSpiel`) REFERENCES `jos_fussball_spiel` (`id`),
  CONSTRAINT `Rel_07` FOREIGN KEY (`idSpieler`) REFERENCES `jos_fussball_spieler` (`id`)
) ENGINE=InnoDB AUTO_INCREMENT=5052 DEFAULT CHARSET=latin1;
/*!40101 SET character_set_client = @saved_cs_client */;

--
-- Dumping data for table `jos_fussball_spieler_spiel`
--

LOCK TABLES `jos_fussball_spieler_spiel` WRITE;
/*!40000 ALTER TABLE `jos_fussball_spieler_spiel` DISABLE KEYS */;
INSERT INTO `jos_fussball_spieler_spiel` VALUES (90,5,4,0,0,0,0),(91,6,4,0,0,0,0),(92,7,4,0,0,0,0),(93,8,4,0,0,0,2),(94,9,4,0,0,0,0),(95,10,4,0,0,0,0),(96,11,4,0,0,0,0),(97,12,4,0,0,0,0),(98,13,4,0,0,0,2),(99,14,4,0,0,0,0),(100,15,4,0,0,0,0),(102,18,4,0,0,0,0),(103,19,4,0,0,0,0),(104,20,4,0,0,0,0),(105,21,4,0,0,0,2),(106,22,4,0,0,0,0),(107,23,4,0,0,0,0),(108,24,4,0,0,0,0),(109,25,4,0,0,0,0),(110,27,4,0,0,0,1),(111,28,4,0,0,0,0),(112,5,5,0,0,0,0),(113,6,5,0,0,0,0),(114,7,5,0,0,0,0),(115,8,5,0,0,0,0),(116,9,5,0,0,0,0),(117,10,5,0,0,0,0),(118,11,5,0,0,0,0),(119,13,5,0,0,0,0),(120,14,5,0,0,0,0),(121,15,5,0,0,1,0),(122,16,5,0,0,0,0),(123,18,5,0,0,0,0),(124,19,5,0,0,0,0),(125,20,5,0,0,0,0),(126,21,5,0,0,0,0),(127,25,5,0,0,0,0),(128,27,5,0,0,0,0),(129,28,5,0,0,0,0),(160,5,6,0,0,0,0),(161,7,6,0,0,0,0),(162,8,6,0,0,0,0),(163,9,6,0,1,0,0),(164,10,6,0,0,0,0),(165,11,6,0,0,0,0),(166,13,6,0,0,0,0),(167,14,6,0,0,0,0),(168,15,6,0,1,0,0),(170,18,6,0,0,0,0),(171,19,6,0,0,0,0),(172,20,6,0,0,0,0),(173,22,6,0,0,0,0),(174,27,6,0,0,0,0),(187,5,7,0,0,0,1),(188,8,7,0,0,0,1),(189,9,7,0,0,0,1),(190,11,7,0,0,0,0),(191,13,7,0,0,0,0),(192,14,7,0,0,0,0),(193,15,7,0,0,0,0),(195,18,7,0,1,0,1),(196,21,7,0,0,0,1),(197,24,7,0,0,0,0),(198,27,7,0,1,0,0),(199,5,8,0,0,0,0),(200,7,8,0,0,0,0),(201,8,8,0,0,0,0),(202,10,8,0,0,0,0),(203,11,8,0,0,0,0),(204,13,8,0,0,0,0),(205,14,8,0,0,0,0),(206,16,8,0,1,0,0),(208,18,8,0,0,0,0),(209,19,8,0,1,0,0),(210,20,8,0,0,0,0),(211,21,8,0,0,0,0),(212,26,8,0,0,0,0),(213,27,8,0,1,0,1),(214,6,9,0,0,0,0),(215,8,9,0,0,0,1),(216,11,9,0,0,0,0),(217,13,9,0,0,0,0),(218,14,9,0,0,0,0),(220,18,9,0,0,0,1),(221,19,9,0,1,0,1),(222,20,9,0,0,0,0),(223,21,9,0,0,0,2),(224,22,9,0,0,0,0),(225,24,9,0,0,0,0),(226,27,9,0,0,0,0),(227,28,9,0,0,0,0),(228,29,9,0,0,0,0),(260,5,10,0,0,0,0),(261,8,10,0,0,0,1),(262,10,10,0,0,0,0),(263,11,10,0,0,0,0),(264,13,10,0,0,0,0),(266,18,10,0,0,0,1),(267,20,10,0,0,0,0),(268,21,10,0,0,0,0),(269,22,10,0,0,0,1),(270,23,10,0,0,0,0),(271,24,10,0,0,0,0),(272,26,10,0,0,0,0),(273,28,10,0,0,0,0),(274,29,10,0,0,0,1),(275,7,11,0,0,0,0),(276,8,11,0,0,0,1),(277,9,11,0,0,0,1),(278,10,11,0,0,0,0),(279,11,11,0,0,0,3),(280,12,11,0,0,0,0),(281,13,11,0,0,0,1),(282,14,11,0,0,0,0),(283,15,11,0,0,0,0),(285,18,11,0,0,0,0),(286,20,11,0,0,0,0),(287,22,11,0,0,0,2),(288,25,11,0,0,0,0),(289,26,11,0,0,0,0),(290,27,11,0,0,0,0),(291,28,11,0,0,0,0),(292,29,11,0,0,0,0),(303,5,12,0,0,0,0),(304,8,12,0,0,0,1),(305,9,12,0,0,0,3),(306,10,12,0,0,0,0),(307,13,12,0,0,0,0),(309,18,12,0,0,0,0),(310,21,12,0,0,0,0),(311,22,12,0,0,0,0),(312,26,12,0,0,0,0),(323,5,13,0,0,0,0),(324,8,13,0,0,0,0),(325,9,13,0,0,0,0),(326,10,13,0,0,0,0),(327,13,13,0,0,0,0),(329,18,13,0,0,0,0),(330,21,13,0,0,0,0),(331,22,13,0,0,0,1),(332,26,13,0,0,0,0),(343,5,14,0,0,0,0),(344,8,14,0,0,0,0),(345,9,14,0,0,0,0),(346,10,14,0,0,0,0),(347,13,14,0,0,0,0),(349,18,14,0,0,0,0),(350,21,14,0,0,0,0),(351,22,14,0,0,0,1),(352,26,14,0,0,0,0),(353,7,15,0,0,0,0),(354,8,15,0,0,0,3),(355,9,15,0,0,0,0),(356,15,15,0,0,0,0),(358,18,15,0,0,0,1),(359,21,15,0,0,0,0),(360,27,15,0,0,0,0),(377,7,17,0,0,0,0),(378,8,17,0,0,0,0),(379,9,17,0,0,0,0),(380,15,17,0,0,0,0),(382,18,17,0,0,0,0),(383,21,17,0,0,0,0),(384,27,17,0,0,0,0),(385,7,16,0,0,0,0),(386,8,16,0,0,0,0),(387,9,16,0,0,0,0),(388,15,16,0,0,0,0),(390,18,16,0,0,0,0),(391,21,16,0,0,0,0),(392,27,16,0,0,0,0),(393,5,18,0,0,0,0),(394,8,18,0,0,0,2),(395,9,18,0,0,0,0),(396,10,18,0,0,0,0),(398,18,18,0,0,0,2),(399,21,18,0,0,0,0),(400,22,18,0,0,0,2),(401,26,18,0,0,0,0),(402,27,18,0,0,0,0),(403,5,19,0,0,0,0),(404,8,19,0,0,0,0),(405,9,19,0,0,0,2),(406,10,19,0,0,0,0),(408,18,19,0,0,0,0),(409,21,19,0,0,0,0),(410,22,19,0,0,0,0),(411,26,19,0,0,0,0),(412,27,19,0,0,0,0),(413,5,20,0,0,0,0),(414,8,20,0,0,0,2),(415,9,20,0,0,0,2),(416,10,20,0,0,0,0),(418,18,20,0,0,0,0),(419,21,20,0,0,0,0),(420,22,20,0,0,0,0),(421,26,20,0,0,0,0),(422,27,20,0,0,0,0),(423,5,21,0,0,0,1),(424,8,21,0,0,0,0),(425,9,21,0,0,0,0),(426,10,21,0,0,0,0),(428,18,21,0,0,0,0),(429,21,21,0,0,0,0),(430,22,21,0,0,0,0),(431,26,21,0,0,0,0),(432,27,21,0,0,0,0),(442,5,23,0,0,0,0),(443,8,23,0,0,0,1),(444,9,23,0,0,0,0),(445,10,23,0,0,0,0),(447,18,23,0,0,0,0),(448,21,23,0,0,0,0),(449,22,23,0,0,0,0),(450,26,23,0,0,0,0),(451,27,23,0,0,0,0),(452,5,24,0,0,0,0),(453,8,24,0,0,0,2),(454,9,24,0,0,0,2),(456,18,24,0,0,0,0),(457,21,24,0,0,0,0),(458,22,24,0,0,0,0),(459,26,24,0,0,0,1),(460,27,24,0,0,0,0),(470,6,25,0,0,0,0),(471,7,25,0,0,0,1),(472,8,25,0,0,0,2),(473,9,25,0,0,0,0),(474,10,25,0,0,0,0),(475,11,25,0,0,0,0),(476,13,25,0,0,0,1),(477,15,25,0,0,0,0),(478,18,25,0,0,0,0),(479,6,26,0,0,0,0),(480,7,26,0,0,0,0),(481,8,26,0,0,0,0),(482,9,26,0,0,0,1),(483,10,26,0,0,0,0),(484,11,26,0,0,0,0),(485,13,26,0,0,0,1),(486,15,26,0,0,0,0),(487,18,26,0,0,0,0),(488,6,27,0,0,0,0),(489,7,27,0,0,0,0),(490,8,27,0,0,0,2),(491,9,27,0,0,0,0),(492,10,27,0,0,0,0),(493,11,27,0,0,0,0),(494,13,27,0,0,0,0),(495,15,27,0,0,0,0),(496,18,27,0,0,0,0),(497,6,28,0,0,0,0),(498,7,28,0,0,0,0),(499,8,28,0,0,0,1),(500,9,28,0,0,0,0),(501,10,28,0,0,0,0),(502,11,28,0,0,0,0),(503,13,28,0,0,0,0),(504,15,28,0,0,0,1),(505,18,28,0,0,0,0),(506,6,29,0,0,0,0),(507,7,29,0,0,0,0),(508,8,29,0,0,0,0),(509,9,29,0,0,0,0),(510,10,29,0,0,0,0),(511,11,29,0,0,0,0),(512,13,29,0,0,0,0),(513,15,29,0,0,0,0),(514,18,29,0,0,0,2),(515,6,30,0,0,0,0),(516,7,30,0,0,0,0),(517,8,30,0,0,0,2),(518,9,30,0,0,0,0),(519,10,30,0,0,0,0),(520,11,30,0,0,0,0),(521,13,30,0,0,0,0),(522,15,30,0,0,0,1),(523,18,30,0,0,0,0),(524,7,31,0,0,0,0),(525,9,31,0,0,0,0),(526,10,31,0,0,0,0),(527,11,31,0,0,0,2),(528,13,31,0,0,0,0),(529,14,31,0,0,0,0),(531,20,31,0,0,0,0),(532,22,31,0,0,0,0),(533,24,31,0,0,0,0),(534,28,31,0,0,0,0),(546,7,32,0,0,0,0),(547,9,32,0,0,0,0),(548,10,32,0,0,0,0),(549,11,32,0,0,0,0),(550,13,32,0,0,0,0),(551,14,32,0,0,0,0),(553,20,32,0,0,0,2),(554,22,32,0,0,0,2),(555,24,32,0,0,0,0),(556,28,32,0,0,0,0),(557,7,33,0,0,0,0),(558,9,33,0,0,0,0),(559,10,33,0,0,0,0),(560,11,33,0,0,0,1),(561,13,33,0,0,0,1),(562,14,33,0,0,0,0),(564,20,33,0,0,0,0),(565,22,33,0,0,0,1),(566,24,33,0,0,0,0),(567,28,33,0,0,0,0),(568,7,34,0,0,0,0),(569,9,34,0,0,0,0),(570,10,34,0,0,0,0),(571,11,34,0,0,0,0),(572,13,34,0,0,0,0),(573,14,34,0,0,0,0),(575,20,34,0,0,0,0),(576,22,34,0,0,0,0),(577,24,34,0,0,0,0),(578,28,34,0,0,0,0),(590,7,35,0,0,0,0),(591,9,35,0,0,0,0),(592,10,35,0,0,0,0),(593,11,35,0,0,0,0),(594,13,35,0,0,0,0),(595,14,35,0,0,0,0),(597,20,35,0,0,0,0),(598,22,35,0,0,0,0),(599,24,35,0,0,0,0),(600,28,35,0,0,0,0),(601,5,36,0,0,0,0),(602,7,36,0,0,0,0),(603,8,36,0,1,0,0),(604,9,36,0,0,0,0),(605,10,36,0,0,0,0),(606,11,36,0,0,0,0),(607,13,36,0,0,0,0),(608,14,36,0,0,0,0),(610,18,36,0,0,0,0),(611,22,36,0,0,0,0),(612,23,36,0,0,0,1),(613,26,36,0,0,0,0),(614,27,36,0,0,0,0),(615,29,36,0,0,0,0),(616,5,37,0,0,0,0),(617,7,37,0,0,0,0),(618,8,37,0,0,0,1),(619,10,37,0,0,0,0),(620,11,37,0,0,0,0),(621,13,37,0,0,0,0),(622,14,37,0,0,0,0),(623,15,37,0,0,0,0),(625,18,37,0,0,0,0),(626,20,37,0,0,0,0),(627,21,37,0,0,0,0),(628,25,37,0,0,0,0),(629,27,37,0,0,0,0),(630,28,37,0,0,0,0),(631,30,37,0,0,0,1),(632,5,38,0,0,0,0),(633,7,38,0,0,0,0),(634,8,38,0,0,0,0),(635,10,38,0,0,0,0),(636,11,38,0,0,0,0),(637,13,38,0,0,0,0),(638,14,38,0,0,0,0),(639,15,38,0,0,0,0),(641,18,38,0,0,0,0),(642,20,38,0,0,0,0),(643,21,38,0,0,0,0),(644,25,38,0,0,0,0),(645,27,38,0,0,0,0),(646,28,38,0,0,0,0),(647,30,38,0,0,0,1),(648,5,39,0,0,0,0),(649,7,39,0,0,0,0),(650,8,39,0,0,0,1),(651,10,39,0,0,0,0),(652,11,39,0,0,0,0),(653,13,39,0,0,0,0),(654,14,39,0,0,0,0),(655,15,39,0,0,0,0),(657,18,39,0,0,0,0),(658,20,39,0,0,0,0),(659,21,39,0,0,0,0),(660,25,39,0,0,0,0),(661,27,39,0,0,0,0),(662,28,39,0,0,0,0),(663,30,39,0,0,0,0),(664,5,40,0,0,0,0),(665,7,40,0,0,0,0),(666,8,40,0,0,0,1),(667,10,40,0,0,0,0),(668,11,40,0,0,0,0),(669,13,40,0,0,0,0),(670,14,40,0,0,0,0),(671,15,40,0,0,0,0),(673,18,40,0,0,0,0),(674,20,40,0,0,0,0),(675,21,40,0,0,0,1),(676,25,40,0,0,0,0),(677,27,40,0,0,0,0),(678,28,40,0,0,0,0),(679,30,40,0,0,0,0),(680,5,22,0,0,0,0),(681,8,22,0,0,0,1),(682,9,22,0,0,0,1),(683,10,22,0,0,0,0),(685,18,22,0,0,0,0),(686,21,22,0,0,0,1),(687,22,22,0,0,0,0),(688,26,22,0,0,0,0),(689,27,22,0,0,0,0),(690,5,41,0,0,0,1),(691,6,41,0,0,0,0),(692,7,41,0,0,0,0),(693,8,41,0,0,0,3),(694,9,41,0,0,0,4),(695,10,41,0,0,0,0),(696,11,41,0,0,0,0),(697,13,41,0,0,0,1),(698,14,41,0,0,0,0),(699,15,41,0,0,0,1),(701,18,41,0,0,0,1),(702,19,41,0,0,0,0),(703,20,41,0,0,0,0),(704,25,41,0,0,0,0),(705,28,41,0,0,0,0),(706,29,41,0,0,0,0),(707,5,42,0,0,0,0),(708,7,42,0,0,0,0),(709,8,42,0,0,0,0),(710,9,42,0,0,0,0),(711,10,42,0,0,0,0),(712,11,42,0,0,0,0),(713,13,42,0,0,0,0),(714,14,42,0,0,0,0),(715,15,42,0,0,0,0),(717,18,42,0,0,0,0),(718,19,42,0,0,0,0),(719,20,42,0,0,0,0),(720,26,42,0,0,0,0),(721,28,42,0,0,0,0),(722,5,43,0,0,0,0),(723,7,43,0,0,0,0),(724,8,43,0,0,0,0),(725,10,43,0,0,0,0),(726,11,43,0,0,0,1),(727,13,43,0,0,0,0),(728,14,43,0,0,0,0),(729,15,43,0,0,0,0),(730,16,43,0,0,0,0),(731,18,43,0,0,0,1),(732,20,43,0,0,0,0),(733,24,43,0,0,0,0),(734,25,43,0,0,0,0),(735,28,43,0,0,0,0),(736,31,43,0,0,0,0),(737,5,44,0,0,0,0),(738,7,44,0,0,0,0),(739,8,44,0,1,0,0),(740,9,44,0,0,0,2),(741,10,44,0,0,0,0),(742,11,44,0,0,0,0),(743,13,44,0,0,0,0),(744,15,44,0,0,0,0),(746,18,44,0,0,0,0),(747,22,44,0,0,0,0),(748,27,44,0,0,0,0),(749,31,44,0,0,0,0),(750,5,45,0,0,0,0),(751,7,45,0,0,0,0),(752,8,45,0,1,0,0),(753,9,45,0,0,0,1),(754,11,45,0,0,0,0),(755,13,45,0,0,0,0),(756,18,45,0,0,0,1),(757,20,45,0,0,0,0),(758,22,45,0,0,0,0),(759,25,45,0,0,0,0),(760,26,45,0,1,0,0),(761,27,45,0,0,0,0),(762,28,45,0,0,0,0),(763,5,46,0,1,0,0),(764,7,46,0,0,0,0),(765,8,46,0,1,0,0),(766,9,46,0,0,0,2),(767,10,46,0,0,0,0),(768,11,46,0,0,1,0),(769,13,46,0,0,0,0),(771,18,46,0,0,0,0),(772,19,46,0,0,0,0),(773,21,46,0,0,0,1),(774,22,46,0,0,0,1),(775,24,46,0,0,0,0),(776,28,46,0,0,0,0),(777,31,46,0,0,0,0),(778,32,46,0,0,0,0),(794,5,47,0,0,0,1),(795,7,47,0,0,0,0),(796,8,47,0,0,0,0),(797,9,47,0,0,0,0),(798,11,47,0,0,0,0),(799,13,47,0,0,0,0),(801,18,47,0,0,0,0),(802,20,47,0,0,0,0),(803,22,47,0,0,0,1),(804,24,47,0,0,0,0),(805,25,47,0,0,0,0),(806,27,47,0,0,0,0),(807,28,47,0,0,0,0),(808,29,47,0,0,0,0),(809,5,48,0,0,0,0),(810,6,48,0,0,0,0),(811,7,48,0,0,0,0),(812,8,48,0,0,0,0),(813,9,48,0,0,0,0),(814,10,48,0,0,0,0),(815,11,48,0,0,0,0),(816,12,48,0,0,0,0),(817,15,48,0,0,0,1),(818,18,48,0,0,0,1),(819,19,48,0,0,0,1),(820,20,48,0,0,0,0),(821,21,48,0,0,0,0),(822,24,48,0,0,0,1),(823,25,48,0,0,0,0),(824,26,48,0,0,0,0),(825,27,48,0,0,0,0),(826,28,48,0,0,0,0),(827,5,49,0,0,0,0),(828,7,49,0,0,0,0),(829,8,49,0,0,0,0),(830,9,49,0,0,0,0),(831,10,49,0,0,0,0),(832,11,49,0,0,0,0),(833,13,49,0,0,0,0),(834,14,49,0,0,0,0),(836,18,49,0,0,0,0),(837,20,49,0,0,0,0),(838,21,49,0,0,0,1),(839,22,49,0,0,0,1),(840,24,49,0,0,0,0),(841,27,49,0,0,0,0),(842,5,50,0,0,0,0),(843,7,50,0,0,0,0),(844,8,50,0,0,0,1),(845,9,50,0,0,0,0),(846,10,50,0,0,0,0),(847,11,50,0,0,0,0),(848,13,50,0,0,0,0),(849,14,50,0,0,0,0),(850,15,50,0,0,0,1),(851,18,50,0,0,0,2),(852,19,50,0,0,0,1),(853,24,50,0,0,0,0),(854,27,50,0,0,0,0),(855,28,50,0,0,0,0),(856,29,50,0,0,0,0),(882,5,52,0,0,0,1),(883,7,52,0,0,0,0),(884,8,52,0,0,0,0),(885,9,52,0,0,0,0),(886,13,52,0,0,0,0),(887,15,52,0,0,0,0),(888,18,52,0,0,0,0),(889,22,52,0,0,0,0),(890,26,52,0,0,0,0),(891,5,53,0,0,0,0),(892,7,53,0,0,0,1),(893,8,53,0,0,0,0),(894,9,53,0,0,0,0),(895,13,53,0,0,0,0),(896,15,53,0,0,0,2),(897,18,53,0,0,0,0),(898,22,53,0,0,0,0),(899,26,53,0,0,0,0),(909,5,54,0,0,0,0),(910,7,54,0,0,0,0),(911,8,54,0,0,0,0),(912,9,54,0,0,0,0),(913,13,54,0,0,0,0),(914,15,54,0,0,0,0),(915,18,54,0,0,0,0),(916,22,54,0,0,0,0),(917,26,54,0,0,0,0),(918,5,55,0,0,0,0),(919,7,55,0,0,0,0),(920,8,55,0,0,0,0),(921,9,55,0,0,0,1),(922,13,55,0,0,0,0),(923,15,55,0,0,0,1),(924,18,55,0,0,0,0),(925,22,55,0,0,0,0),(926,26,55,0,0,0,0),(936,5,56,0,0,0,0),(937,7,56,0,0,0,0),(938,8,56,0,0,0,1),(939,9,56,0,0,0,0),(940,13,56,0,0,0,0),(941,15,56,0,0,0,0),(942,18,56,0,0,0,0),(943,22,56,0,0,0,0),(944,26,56,0,0,0,0),(945,5,57,0,0,0,1),(946,7,57,0,0,0,1),(947,8,57,0,0,0,4),(948,9,57,0,0,0,2),(949,10,57,0,0,0,1),(950,11,57,0,0,0,0),(951,13,57,0,0,0,1),(952,18,57,0,0,0,2),(953,21,57,0,0,0,2),(963,5,58,0,0,0,0),(964,7,58,0,0,0,0),(965,8,58,0,0,0,0),(966,9,58,0,0,0,0),(967,10,58,0,0,0,0),(968,11,58,0,0,0,0),(969,13,58,0,0,0,0),(970,18,58,0,0,0,0),(971,21,58,0,0,0,1),(972,5,59,0,0,0,0),(973,7,59,0,0,0,0),(974,8,59,0,0,0,0),(975,9,59,0,0,0,1),(976,10,59,0,0,0,0),(977,11,59,0,0,0,0),(978,13,59,0,0,0,0),(979,18,59,0,0,0,0),(980,21,59,0,0,0,0),(981,5,60,0,0,0,0),(982,7,60,0,0,0,0),(983,8,60,0,0,0,0),(984,9,60,0,0,0,1),(985,10,60,0,0,0,0),(986,11,60,0,0,0,0),(987,13,60,0,0,0,0),(988,18,60,0,0,0,0),(989,21,60,0,0,0,0),(990,5,61,0,0,0,0),(991,7,61,0,0,0,1),(992,8,61,0,0,0,0),(993,9,61,0,0,0,0),(994,10,61,0,0,0,0),(995,11,61,0,0,0,0),(996,13,61,0,0,0,0),(997,18,61,0,0,0,0),(998,21,61,0,0,0,2),(999,5,62,0,0,0,0),(1000,7,62,0,0,0,0),(1001,8,62,0,0,0,1),(1002,9,62,0,0,0,1),(1003,10,62,0,0,0,0),(1004,11,62,0,0,0,0),(1005,13,62,0,0,0,0),(1006,18,62,0,0,0,0),(1007,21,62,0,0,0,0),(1008,8,63,0,0,0,1),(1009,9,63,0,0,0,1),(1010,10,63,0,0,0,0),(1011,11,63,0,0,0,0),(1012,18,63,0,0,0,0),(1013,20,63,0,0,0,0),(1014,21,63,0,0,0,0),(1015,27,63,0,0,0,1),(1016,28,63,0,0,0,0),(1017,33,63,0,0,0,0),(1018,8,64,0,0,0,1),(1019,9,64,0,0,0,1),(1020,10,64,0,0,0,0),(1021,11,64,0,0,0,0),(1022,18,64,0,0,0,0),(1023,20,64,0,0,0,0),(1024,21,64,0,0,0,1),(1025,27,64,0,0,0,0),(1026,28,64,0,0,0,0),(1027,33,64,0,0,0,0),(1028,8,65,0,0,0,0),(1029,9,65,0,0,0,0),(1030,10,65,0,0,0,0),(1031,11,65,0,0,0,0),(1032,18,65,0,0,0,0),(1033,20,65,0,0,0,0),(1034,21,65,0,0,0,0),(1035,27,65,0,0,0,0),(1036,28,65,0,0,0,0),(1037,33,65,0,0,0,0),(1038,8,66,0,0,0,0),(1039,9,66,0,0,0,0),(1040,10,66,0,0,0,0),(1041,11,66,0,0,0,0),(1042,18,66,0,0,0,0),(1043,20,66,0,0,0,0),(1044,21,66,0,0,0,0),(1045,27,66,0,0,0,0),(1046,28,66,0,0,0,0),(1047,33,66,0,0,0,0),(1048,7,67,0,0,0,0),(1049,8,67,0,0,0,0),(1050,9,67,0,0,0,1),(1051,10,67,0,0,0,0),(1052,11,67,0,0,0,0),(1053,13,67,0,0,0,0),(1054,18,67,0,0,0,0),(1055,22,67,0,0,0,0),(1056,7,68,0,0,0,0),(1057,8,68,0,0,0,0),(1058,9,68,0,0,0,3),(1059,10,68,0,0,0,0),(1060,11,68,0,0,0,0),(1061,13,68,0,0,0,0),(1062,18,68,0,0,0,2),(1063,22,68,0,0,0,0),(1064,7,69,0,0,0,0),(1065,8,69,0,0,0,0),(1066,9,69,0,0,0,1),(1067,10,69,0,0,0,0),(1068,11,69,0,0,0,0),(1069,13,69,0,0,0,0),(1070,18,69,0,0,0,1),(1071,22,69,0,0,0,1),(1072,7,70,0,0,0,0),(1073,8,70,0,0,0,0),(1074,9,70,0,0,0,0),(1075,10,70,0,0,0,0),(1076,11,70,0,0,0,0),(1077,13,70,0,0,0,0),(1078,18,70,0,0,0,1),(1079,22,70,0,0,0,0),(1080,5,71,0,0,0,0),(1081,7,71,0,0,0,0),(1082,8,71,0,0,0,0),(1083,9,71,0,0,0,0),(1084,11,71,0,0,0,0),(1085,18,71,0,0,0,3),(1086,24,71,0,0,0,0),(1087,5,73,0,0,0,0),(1088,7,73,0,0,0,0),(1089,8,73,0,0,0,0),(1090,9,73,0,0,0,2),(1091,11,73,0,0,0,0),(1092,18,73,0,0,0,1),(1093,24,73,0,0,0,0),(1094,5,72,0,0,0,0),(1095,7,72,0,0,0,0),(1096,8,72,0,0,0,0),(1097,9,72,0,0,0,4),(1098,11,72,0,0,0,0),(1099,18,72,0,0,0,0),(1100,24,72,0,0,0,0),(1101,5,74,0,0,0,0),(1102,7,74,0,0,0,0),(1103,9,74,0,0,0,0),(1104,10,74,0,0,0,0),(1105,18,74,0,0,0,0),(1106,20,74,0,0,0,0),(1107,24,74,0,0,0,0),(1115,5,76,0,0,0,0),(1116,7,76,0,0,0,1),(1117,9,76,0,0,0,0),(1118,10,76,0,0,0,0),(1119,18,76,0,0,0,0),(1120,20,76,0,0,0,0),(1121,24,76,0,0,0,0),(1122,5,75,0,0,0,1),(1123,7,75,0,0,0,0),(1124,9,75,0,0,0,0),(1125,10,75,0,0,0,0),(1126,18,75,0,0,0,0),(1127,20,75,0,0,0,0),(1128,24,75,0,0,0,0),(1129,5,77,0,0,0,0),(1130,7,77,0,0,0,0),(1131,8,77,0,0,0,0),(1132,9,77,0,0,0,1),(1133,10,77,0,0,0,0),(1134,11,77,0,0,0,0),(1135,18,77,0,0,0,0),(1136,20,77,0,0,0,0),(1137,24,77,0,0,0,0),(1138,33,77,0,0,0,0),(1139,5,78,0,0,0,0),(1140,7,78,0,0,0,0),(1141,8,78,0,0,0,0),(1142,9,78,0,0,0,0),(1143,10,78,0,0,0,0),(1144,11,78,0,0,0,0),(1145,18,78,0,0,0,0),(1146,20,78,0,0,0,0),(1147,24,78,0,0,0,0),(1148,33,78,0,0,0,0),(1149,5,79,0,0,0,0),(1150,7,79,0,0,0,0),(1151,8,79,0,0,0,2),(1152,9,79,0,0,0,1),(1153,10,79,0,0,0,0),(1154,11,79,0,0,0,0),(1155,18,79,0,0,0,2),(1156,20,79,0,0,0,0),(1157,24,79,0,0,0,0),(1158,33,79,0,0,0,0),(1174,5,80,0,0,0,0),(1175,7,80,0,0,0,0),(1176,8,80,0,0,0,0),(1177,9,80,0,0,0,3),(1178,10,80,0,0,0,0),(1179,11,80,0,0,0,0),(1180,13,80,0,0,0,0),(1181,15,80,0,0,0,0),(1182,18,80,0,0,0,0),(1183,19,80,0,0,0,0),(1184,20,80,0,0,0,0),(1185,21,80,0,0,0,0),(1186,26,80,0,0,0,0),(1187,27,80,0,0,0,0),(1188,34,80,0,0,0,0),(1189,5,81,0,0,0,0),(1190,7,81,0,0,0,0),(1191,9,81,0,0,0,1),(1192,10,81,0,0,0,0),(1193,11,81,0,0,0,0),(1194,13,81,0,0,0,0),(1195,14,81,0,0,0,0),(1196,15,81,0,0,0,1),(1197,18,81,0,0,0,0),(1198,20,81,0,0,0,0),(1199,21,81,0,0,0,0),(1200,24,81,0,0,0,0),(1201,28,81,0,0,0,0),(1202,33,81,0,0,0,0),(1203,5,82,0,0,0,0),(1204,7,82,0,0,0,0),(1205,8,82,0,0,0,0),(1206,10,82,0,0,0,0),(1207,11,82,0,0,0,0),(1208,13,82,0,0,0,0),(1209,15,82,0,0,0,2),(1210,18,82,0,0,0,0),(1211,21,82,0,0,0,0),(1212,22,82,0,0,0,2),(1213,24,82,0,0,0,0),(1214,26,82,0,0,0,0),(1215,27,82,0,0,0,0),(1216,28,82,0,1,0,0),(1217,33,82,0,0,0,0),(1218,5,83,0,0,0,0),(1219,7,83,0,0,0,0),(1220,8,83,0,0,0,0),(1221,9,83,0,0,0,2),(1222,10,83,0,0,0,1),(1223,11,83,0,0,0,2),(1224,13,83,0,0,0,0),(1225,15,83,0,0,0,0),(1226,20,83,0,0,0,0),(1227,21,83,0,0,0,0),(1228,22,83,0,0,0,0),(1229,24,83,0,0,0,0),(1230,26,83,0,0,0,0),(1231,28,83,0,0,0,0),(1232,33,83,0,0,0,0),(1233,5,84,0,0,0,0),(1234,7,84,0,0,0,0),(1235,8,84,0,0,0,0),(1236,9,84,0,0,0,0),(1237,10,84,0,0,0,0),(1238,11,84,0,0,0,0),(1239,13,84,0,0,0,0),(1240,14,84,0,0,0,0),(1241,15,84,0,0,0,0),(1242,18,84,0,0,0,1),(1243,20,84,0,0,0,0),(1244,21,84,0,0,0,0),(1245,22,84,0,0,0,0),(1246,24,84,0,0,0,0),(1247,25,84,0,0,0,0),(1248,27,84,0,0,0,0),(1249,33,84,0,0,0,0),(1250,5,85,0,0,0,1),(1251,7,85,0,0,0,0),(1252,8,85,0,0,0,0),(1253,9,85,0,0,0,0),(1254,10,85,0,0,0,0),(1255,11,85,0,0,0,0),(1256,13,85,0,0,0,0),(1257,14,85,0,0,0,0),(1258,15,85,0,0,0,0),(1259,20,85,0,0,0,0),(1260,21,85,0,0,0,0),(1261,22,85,0,0,0,0),(1262,26,85,0,0,0,0),(1263,27,85,0,0,0,0),(1264,35,85,0,0,0,1),(1265,5,86,0,0,0,0),(1266,6,86,0,0,0,0),(1267,7,86,0,0,0,0),(1268,8,86,0,0,0,1),(1269,9,86,0,0,0,0),(1270,10,86,0,0,0,0),(1271,11,86,1,0,0,0),(1272,13,86,0,0,0,0),(1273,14,86,0,0,0,0),(1274,15,86,0,0,0,0),(1275,20,86,0,0,0,0),(1276,21,86,0,0,0,0),(1277,22,86,0,0,0,1),(1278,26,86,0,0,0,0),(1279,27,86,0,0,0,0),(1280,29,86,0,0,0,0),(1281,35,86,0,0,0,0),(1282,5,87,0,0,0,0),(1283,7,87,0,0,0,0),(1284,8,87,0,1,0,0),(1285,10,87,0,1,0,0),(1286,13,87,0,0,0,0),(1287,15,87,0,1,0,1),(1288,18,87,1,0,0,0),(1289,20,87,0,0,0,0),(1290,21,87,0,0,0,0),(1291,22,87,0,1,0,0),(1292,24,87,0,0,0,0),(1293,27,87,0,1,0,0),(1294,28,87,0,0,0,0),(1295,31,87,0,0,0,0),(1296,33,87,0,0,0,0),(1297,5,88,0,0,0,0),(1298,7,88,0,0,0,0),(1299,8,88,0,0,0,0),(1300,10,88,0,0,0,0),(1301,13,88,0,0,0,0),(1302,15,88,0,0,0,0),(1303,19,88,0,0,0,0),(1304,20,88,0,0,0,0),(1305,22,88,0,0,0,1),(1306,26,88,0,0,0,0),(1307,27,88,0,0,0,0),(1308,28,88,0,0,0,0),(1309,33,88,0,0,0,0),(1310,35,88,0,0,0,3),(1311,5,89,0,0,0,0),(1312,7,89,0,0,0,0),(1313,8,89,0,0,0,0),(1314,9,89,0,0,0,0),(1315,10,89,0,0,0,0),(1316,11,89,0,0,0,0),(1317,13,89,0,0,0,0),(1318,15,89,0,0,0,1),(1319,18,89,0,0,0,0),(1320,20,89,0,0,0,0),(1321,21,89,0,0,0,0),(1322,22,89,0,0,0,0),(1323,23,89,0,0,0,0),(1324,24,89,0,0,0,0),(1325,26,89,0,0,0,0),(1326,27,89,0,0,0,0),(1327,6,90,0,0,0,0),(1328,7,90,0,0,0,0),(1329,8,90,0,0,0,0),(1330,9,90,0,0,0,0),(1331,10,90,0,0,0,0),(1332,11,90,0,0,0,1),(1333,14,90,0,0,0,0),(1334,15,90,0,0,0,3),(1335,18,90,0,0,0,1),(1336,22,90,0,0,0,1),(1337,26,90,0,0,0,0),(1338,28,90,0,0,0,0),(1339,30,90,0,0,0,3),(1340,35,90,0,0,0,2),(1341,6,91,0,0,0,0),(1342,7,91,0,0,0,0),(1343,8,91,0,0,0,0),(1344,9,91,0,0,0,0),(1345,10,91,0,0,0,0),(1346,11,91,0,0,0,0),(1347,14,91,0,0,0,0),(1348,15,91,0,0,0,0),(1349,18,91,0,0,0,0),(1350,20,91,0,0,0,0),(1351,21,91,0,0,0,0),(1352,22,91,0,0,0,0),(1353,24,91,0,0,0,0),(1354,27,91,0,0,0,0),(1355,28,91,0,0,0,0),(1356,30,91,0,0,0,3),(1357,36,91,0,0,0,1),(1358,6,92,0,0,0,0),(1359,7,92,0,0,0,0),(1360,8,92,0,0,0,0),(1361,9,92,0,0,0,0),(1362,10,92,0,0,0,0),(1363,11,92,0,0,0,0),(1364,12,92,0,0,0,0),(1365,14,92,0,0,0,0),(1366,15,92,0,0,0,0),(1367,18,92,0,0,0,1),(1368,20,92,0,0,0,0),(1369,21,92,0,0,0,1),(1370,22,92,0,0,0,0),(1371,24,92,0,0,0,0),(1372,26,92,0,0,0,0),(1373,27,92,0,0,0,0),(1374,28,92,0,0,0,0),(1375,30,92,0,0,0,0),(1376,36,92,0,0,0,1),(1377,6,93,0,0,0,0),(1378,7,93,0,0,0,0),(1379,8,93,0,0,0,0),(1380,9,93,0,0,0,0),(1381,10,93,0,0,0,0),(1382,11,93,0,0,0,0),(1383,14,93,0,0,0,0),(1384,15,93,0,0,0,0),(1385,18,93,0,0,0,0),(1386,20,93,0,0,0,0),(1387,21,93,0,0,0,0),(1388,22,93,0,0,0,0),(1389,24,93,0,0,0,0),(1390,26,93,0,0,0,0),(1391,27,93,0,0,0,0),(1392,28,93,0,0,0,0),(1393,30,93,0,0,0,1),(1394,36,93,0,0,0,1),(1395,6,94,0,0,0,0),(1396,7,94,0,0,0,0),(1397,8,94,0,0,0,1),(1398,9,94,0,0,0,2),(1399,10,94,0,0,0,0),(1400,11,94,0,0,0,0),(1401,14,94,0,0,0,0),(1402,15,94,0,0,0,0),(1403,18,94,0,0,0,0),(1404,20,94,0,0,0,0),(1405,21,94,0,0,0,0),(1406,22,94,0,0,0,0),(1407,24,94,0,0,0,0),(1408,26,94,0,0,0,0),(1409,27,94,0,0,0,0),(1410,28,94,0,0,0,0),(1411,30,94,0,0,0,0),(1412,36,94,0,0,0,0),(1413,7,95,0,0,0,0),(1414,8,95,0,0,0,0),(1415,9,95,0,0,0,0),(1416,10,95,0,0,0,0),(1417,11,95,0,0,0,0),(1418,15,95,0,0,0,0),(1419,18,95,0,0,0,0),(1420,20,95,0,0,0,0),(1421,21,95,0,0,0,0),(1422,22,95,0,0,0,0),(1423,25,95,0,0,0,0),(1424,26,95,0,0,0,0),(1425,27,95,0,0,0,0),(1426,28,95,0,0,0,0),(1427,33,95,0,0,0,0),(1428,37,95,0,0,0,0),(1444,5,96,0,0,0,0),(1445,7,96,0,1,0,0),(1446,8,96,0,0,0,1),(1447,9,96,0,1,0,2),(1448,10,96,0,0,0,0),(1449,11,96,0,0,0,0),(1450,13,96,0,0,0,0),(1451,20,96,0,0,0,0),(1452,21,96,0,0,0,0),(1453,22,96,0,0,0,0),(1454,24,96,0,0,0,0),(1455,25,96,0,0,0,0),(1456,27,96,0,1,0,0),(1457,28,96,0,0,0,0),(1458,33,96,0,0,0,0),(1459,5,97,0,0,0,1),(1460,7,97,0,1,0,0),(1461,8,97,0,0,0,0),(1462,9,97,0,0,0,2),(1463,10,97,0,0,0,0),(1464,11,97,0,0,0,0),(1465,13,97,0,0,0,0),(1466,14,97,0,0,0,0),(1467,18,97,0,0,0,1),(1468,19,97,0,0,0,0),(1469,20,97,0,0,0,0),(1470,21,97,0,0,0,1),(1471,22,97,0,0,0,0),(1472,25,97,0,0,0,0),(1473,27,97,0,1,0,0),(1474,28,97,0,0,0,0),(1475,5,98,0,0,0,0),(1476,7,98,0,0,0,0),(1477,8,98,0,0,0,0),(1478,9,98,0,0,0,1),(1479,10,98,0,0,0,0),(1480,11,98,0,0,0,0),(1481,13,98,0,0,0,0),(1482,14,98,0,0,0,0),(1483,19,98,0,0,0,0),(1484,20,98,0,0,0,0),(1485,21,98,0,0,0,0),(1486,22,98,0,0,0,1),(1487,25,98,0,0,0,0),(1488,26,98,0,0,0,0),(1489,27,98,0,0,0,0),(1490,28,98,0,0,0,0),(1491,33,98,0,0,0,0),(1492,35,98,0,0,0,1),(1493,5,99,0,0,0,0),(1494,6,99,0,0,0,0),(1495,7,99,0,0,0,0),(1496,8,99,0,0,0,0),(1497,9,99,0,0,0,0),(1498,10,99,0,0,0,0),(1499,11,99,0,0,0,0),(1500,13,99,0,0,0,0),(1501,14,99,0,0,0,0),(1502,15,99,0,0,0,0),(1503,18,99,0,0,0,0),(1504,19,99,0,0,0,0),(1505,20,99,0,0,0,0),(1506,21,99,0,0,0,0),(1507,22,99,0,0,0,0),(1508,23,99,0,0,0,0),(1509,24,99,0,0,0,0),(1510,25,99,0,0,0,0),(1511,26,99,0,0,0,0),(1512,27,99,0,0,0,0),(1513,28,99,0,0,0,0),(1514,29,99,0,0,0,0),(1515,31,99,0,0,0,0),(1516,33,99,0,0,0,0),(1517,35,99,0,0,0,0),(1518,37,99,0,0,0,0),(1519,38,99,0,0,0,0),(1520,5,100,0,0,0,0),(1521,7,100,0,0,0,0),(1522,8,100,0,0,0,0),(1523,9,100,0,0,0,1),(1524,10,100,0,0,0,0),(1525,11,100,0,0,0,0),(1526,13,100,0,0,0,0),(1527,14,100,0,0,0,0),(1528,19,100,0,0,0,0),(1529,20,100,0,0,0,0),(1530,21,100,0,0,0,2),(1531,22,100,0,0,0,0),(1532,27,100,0,0,0,0),(1533,28,100,0,0,0,0),(1534,31,100,0,0,0,0),(1535,35,100,0,0,0,0),(1536,6,101,0,0,0,0),(1537,7,101,0,0,0,0),(1538,8,101,0,0,0,0),(1539,9,101,0,0,0,3),(1540,10,101,0,0,0,0),(1541,11,101,0,0,0,2),(1542,13,101,0,0,0,0),(1543,16,101,0,0,0,0),(1544,18,101,0,0,0,0),(1545,20,101,0,0,0,1),(1546,21,101,0,0,0,1),(1547,22,101,0,0,0,0),(1548,25,101,0,0,0,0),(1549,26,101,0,0,0,0),(1550,27,101,0,0,0,0),(1551,28,101,0,0,0,0),(1552,35,101,0,0,0,1),(1553,5,102,0,0,0,0),(1554,6,102,0,0,0,0),(1555,7,102,0,0,0,0),(1556,8,102,0,0,0,0),(1557,11,102,0,0,0,0),(1558,14,102,0,0,0,0),(1559,20,102,0,0,0,0),(1560,24,102,0,0,0,0),(1561,39,102,0,0,0,0),(1562,5,103,0,0,0,0),(1563,6,103,0,0,0,1),(1564,7,103,0,0,0,0),(1565,8,103,0,0,0,0),(1566,11,103,0,0,0,0),(1567,14,103,0,0,0,0),(1568,20,103,0,0,0,0),(1569,24,103,0,0,0,0),(1570,39,103,0,0,0,0),(1571,5,104,0,0,0,0),(1572,6,104,0,0,0,0),(1573,7,104,0,0,0,0),(1574,8,104,0,0,0,1),(1575,11,104,0,0,0,2),(1576,14,104,0,0,0,0),(1577,20,104,0,0,0,0),(1578,24,104,0,0,0,0),(1579,39,104,0,0,0,0),(1580,5,105,0,0,0,0),(1581,7,105,0,0,0,0),(1582,8,105,0,0,0,2),(1583,13,105,0,0,0,0),(1584,18,105,0,0,0,0),(1585,20,105,0,0,0,0),(1586,21,105,0,0,0,0),(1587,5,106,0,0,0,0),(1588,7,106,0,0,0,0),(1589,8,106,0,0,0,5),(1590,13,106,0,0,0,0),(1591,18,106,0,0,0,0),(1592,20,106,0,0,0,0),(1593,21,106,0,0,0,0),(1594,5,107,0,0,0,0),(1595,7,107,0,0,0,1),(1596,8,107,0,0,0,0),(1597,10,107,0,0,0,0),(1598,13,107,0,0,0,0),(1599,18,107,0,0,0,0),(1600,20,107,0,0,0,0),(1601,21,107,0,0,0,0),(1610,5,108,0,0,0,1),(1611,7,108,0,0,0,0),(1612,8,108,0,0,0,0),(1613,10,108,0,0,0,0),(1614,13,108,0,0,0,0),(1615,18,108,0,0,0,1),(1616,20,108,0,0,0,0),(1617,21,108,0,0,0,0),(1618,7,109,0,0,0,0),(1619,8,109,0,0,0,0),(1620,10,109,0,0,0,0),(1621,18,109,0,0,0,1),(1622,20,109,0,0,0,0),(1623,21,109,0,0,0,0),(1624,22,109,0,0,0,0),(1625,7,110,0,0,0,0),(1626,8,110,0,0,0,0),(1627,10,110,0,0,0,0),(1628,18,110,0,0,0,0),(1629,20,110,0,0,0,0),(1630,21,110,0,0,0,3),(1631,22,110,0,0,0,1),(1632,7,111,0,0,0,0),(1633,8,111,0,0,0,0),(1634,10,111,0,0,0,0),(1635,18,111,0,0,0,0),(1636,20,111,0,0,0,0),(1637,21,111,0,0,0,0),(1638,22,111,0,0,0,0),(1639,5,112,0,0,0,0),(1640,8,112,0,0,0,0),(1641,9,112,0,0,0,3),(1642,10,112,0,0,0,0),(1643,13,112,0,0,0,1),(1644,18,112,0,0,0,0),(1645,21,112,0,0,0,0),(1646,22,112,0,0,0,0),(1647,26,112,0,0,0,0),(1648,35,112,0,0,0,0),(1649,5,113,0,0,0,0),(1650,8,113,0,0,0,0),(1651,9,113,0,0,0,0),(1652,10,113,0,0,0,0),(1653,13,113,0,0,0,0),(1654,18,113,0,0,0,0),(1655,21,113,0,0,0,0),(1656,22,113,0,0,0,1),(1657,26,113,0,0,0,0),(1658,35,113,0,0,0,0),(1659,5,114,0,0,0,0),(1660,8,114,0,0,0,0),(1661,9,114,0,0,0,0),(1662,10,114,0,0,0,0),(1663,13,114,0,0,0,0),(1664,18,114,0,0,0,0),(1665,21,114,0,0,0,0),(1666,22,114,0,0,0,0),(1667,26,114,0,0,0,0),(1668,35,114,0,0,0,2),(1669,5,115,0,0,0,0),(1670,8,115,0,0,0,1),(1671,9,115,0,0,0,0),(1672,10,115,0,0,0,0),(1673,13,115,0,0,0,0),(1674,18,115,0,0,0,0),(1675,21,115,0,0,0,3),(1676,22,115,0,0,0,0),(1677,26,115,0,0,0,0),(1678,35,115,0,0,0,3),(1679,5,116,0,0,0,0),(1680,8,116,0,0,0,0),(1681,9,116,0,0,0,0),(1682,10,116,0,0,0,0),(1683,13,116,0,0,0,0),(1684,18,116,0,0,0,1),(1685,21,116,0,0,0,0),(1686,22,116,0,0,0,0),(1687,26,116,0,0,0,0),(1688,35,116,0,0,0,0),(1689,5,117,0,0,0,0),(1690,8,117,0,0,0,0),(1691,9,117,0,0,0,0),(1692,13,117,0,0,0,0),(1693,18,117,0,0,0,1),(1694,21,117,0,0,0,0),(1695,22,117,0,0,0,0),(1696,26,117,0,0,0,0),(1697,35,117,0,0,0,0),(1698,5,118,0,0,0,0),(1699,7,118,0,0,0,0),(1700,8,118,0,0,0,0),(1701,9,118,0,0,0,0),(1702,11,118,0,0,0,0),(1703,14,118,0,0,0,0),(1704,18,118,0,0,0,0),(1705,20,118,0,0,0,0),(1706,24,118,0,0,0,0),(1707,25,118,0,0,0,0),(1708,35,118,0,0,0,0),(1709,39,118,0,0,0,0),(1710,5,119,0,0,0,0),(1711,7,119,0,0,0,0),(1712,8,119,0,0,0,0),(1713,9,119,0,0,0,0),(1714,11,119,0,0,0,0),(1715,14,119,0,0,0,0),(1716,18,119,0,0,0,0),(1717,20,119,0,0,0,0),(1718,24,119,0,0,0,0),(1719,25,119,0,0,0,0),(1720,35,119,0,0,0,0),(1721,39,119,0,0,0,0),(1733,5,121,0,0,0,0),(1734,7,121,0,0,0,0),(1735,8,121,0,0,0,0),(1736,9,121,0,0,0,0),(1737,11,121,0,0,0,1),(1738,14,121,0,0,0,0),(1739,18,121,0,0,0,1),(1740,20,121,0,0,0,0),(1741,24,121,0,0,0,1),(1742,25,121,0,0,0,0),(1743,39,121,0,0,0,0),(1744,7,122,0,0,0,0),(1745,8,122,0,0,0,0),(1746,9,122,0,0,0,0),(1747,10,122,0,0,0,2),(1748,11,122,0,0,0,0),(1749,20,122,0,0,0,0),(1750,37,122,0,0,0,0),(1751,39,122,0,0,0,0),(1752,7,123,0,0,0,0),(1753,8,123,0,0,0,2),(1754,9,123,0,0,0,0),(1755,10,123,0,0,0,0),(1756,11,123,0,0,0,0),(1757,20,123,0,0,0,1),(1758,37,123,0,0,0,0),(1759,39,123,0,0,0,0),(1760,7,124,0,0,0,0),(1761,8,124,0,0,0,0),(1762,9,124,0,0,0,2),(1763,10,124,0,0,0,0),(1764,11,124,0,0,0,0),(1765,20,124,0,0,0,0),(1766,37,124,0,0,0,0),(1767,39,124,0,0,0,0),(1768,7,125,0,0,0,0),(1769,8,125,0,0,0,0),(1770,9,125,0,0,0,0),(1771,10,125,0,0,0,0),(1772,11,125,0,0,0,0),(1773,13,125,0,0,0,0),(1774,18,125,0,0,0,0),(1775,22,125,0,0,0,2),(1776,39,125,0,0,0,0),(1777,7,126,0,0,0,0),(1778,8,126,0,0,0,0),(1779,9,126,0,0,0,0),(1780,10,126,0,0,0,0),(1781,11,126,0,0,0,0),(1782,13,126,0,0,0,0),(1783,18,126,0,0,0,0),(1784,22,126,0,0,0,0),(1785,39,126,0,0,0,0),(1786,7,127,0,0,0,0),(1787,8,127,0,0,0,4),(1788,9,127,0,0,0,0),(1789,10,127,0,0,0,0),(1790,11,127,0,0,0,0),(1791,13,127,0,0,0,0),(1792,18,127,0,0,0,0),(1793,22,127,0,0,0,0),(1794,39,127,0,0,0,0),(1795,7,128,0,0,0,0),(1796,8,128,0,0,0,0),(1797,9,128,0,0,0,0),(1798,10,128,0,0,0,0),(1799,11,128,0,0,0,0),(1800,13,128,0,0,0,0),(1801,18,128,0,0,0,1),(1802,22,128,0,0,0,0),(1803,39,128,0,0,0,0),(1821,7,129,0,0,0,0),(1822,8,129,0,0,0,1),(1823,9,129,0,0,0,0),(1824,10,129,0,0,0,0),(1825,11,129,0,0,0,0),(1826,13,129,0,0,0,0),(1827,18,129,0,0,0,0),(1828,22,129,0,0,0,2),(1837,7,130,0,0,0,0),(1838,8,130,0,0,0,0),(1839,9,130,0,0,0,1),(1840,10,130,0,0,0,1),(1841,11,130,0,0,0,0),(1842,13,130,0,0,0,0),(1843,18,130,0,0,0,0),(1844,22,130,0,0,0,0),(1845,7,131,0,0,0,0),(1846,8,131,0,0,0,1),(1847,9,131,0,0,0,2),(1848,10,131,0,0,0,0),(1849,11,131,0,0,0,0),(1850,13,131,0,0,0,0),(1851,18,131,0,0,0,0),(1852,22,131,0,0,0,0),(1853,7,132,0,0,0,0),(1854,8,132,0,0,0,0),(1855,9,132,0,0,0,2),(1856,10,132,0,0,0,0),(1857,11,132,0,0,0,0),(1858,18,132,0,0,0,0),(1859,22,132,0,0,0,1),(1860,5,133,0,0,0,0),(1861,7,133,0,0,0,0),(1862,9,133,0,0,0,0),(1863,10,133,0,0,0,0),(1864,20,133,0,0,0,0),(1865,27,133,0,0,0,1),(1866,35,133,0,0,0,0),(1867,5,134,0,0,0,0),(1868,7,134,0,0,0,0),(1869,9,134,0,0,0,0),(1870,10,134,0,0,0,0),(1871,20,134,0,0,0,0),(1872,27,134,0,0,0,0),(1873,35,134,0,0,0,7),(1874,5,135,0,0,0,0),(1875,7,135,0,0,0,3),(1876,9,135,0,0,0,0),(1877,10,135,0,0,0,0),(1878,20,135,0,0,0,0),(1879,27,135,0,0,0,0),(1880,35,135,0,0,0,0),(1881,5,136,0,0,0,3),(1882,7,136,0,0,0,0),(1883,9,136,0,0,0,0),(1884,10,136,0,0,0,0),(1885,20,136,0,0,0,0),(1886,27,136,0,0,0,0),(1887,35,136,0,0,0,0),(1888,5,137,0,0,0,0),(1889,7,137,0,0,0,0),(1890,9,137,0,0,0,0),(1891,10,137,0,0,0,0),(1892,20,137,0,0,0,0),(1893,27,137,0,0,0,0),(1894,35,137,0,0,0,1),(1895,5,138,0,0,0,0),(1896,7,138,0,0,0,0),(1897,10,138,0,0,0,0),(1898,20,138,0,0,0,0),(1899,27,138,0,0,0,0),(1900,35,138,0,0,0,0),(1901,5,139,0,0,0,0),(1902,7,139,0,0,0,0),(1903,10,139,0,0,0,0),(1904,20,139,0,0,0,0),(1905,27,139,0,0,0,0),(1906,35,139,0,0,0,0),(1907,5,140,0,0,0,0),(1908,7,140,0,0,0,0),(1909,10,140,0,0,0,0),(1910,20,140,0,0,0,0),(1911,27,140,0,0,0,0),(1912,35,140,0,0,0,0),(1913,5,141,0,0,0,1),(1914,7,141,0,0,0,0),(1915,8,141,0,0,0,0),(1916,9,141,0,0,0,1),(1917,10,141,0,0,0,0),(1918,11,141,0,1,0,0),(1919,13,141,0,0,0,0),(1920,14,141,0,0,0,0),(1921,16,141,0,0,0,0),(1922,19,141,0,0,0,0),(1923,20,141,0,0,0,1),(1924,21,141,0,0,0,0),(1925,28,141,0,0,0,0),(1926,37,141,0,1,0,0),(1927,39,141,0,0,0,0),(1928,5,142,0,0,0,0),(1929,6,142,0,0,0,0),(1930,7,142,0,0,0,0),(1931,8,142,0,0,0,0),(1932,9,142,0,0,0,0),(1933,11,142,0,0,0,0),(1934,13,142,0,0,0,0),(1935,18,142,0,0,0,0),(1936,20,142,0,0,0,0),(1937,21,142,0,0,0,0),(1938,22,142,0,0,0,0),(1939,23,142,0,0,0,0),(1940,25,142,0,0,0,0),(1941,28,142,0,0,0,0),(1942,39,142,0,0,0,0),(1943,5,120,0,0,0,0),(1944,7,120,0,0,0,0),(1945,8,120,0,0,0,0),(1946,9,120,0,0,0,0),(1947,11,120,0,0,0,0),(1948,14,120,0,0,0,0),(1949,18,120,0,0,0,0),(1950,20,120,0,0,0,0),(1951,24,120,0,0,0,0),(1952,25,120,0,0,0,0),(1953,39,120,0,0,0,0),(1954,5,143,0,0,0,0),(1955,6,143,0,0,0,0),(1956,7,143,0,0,0,0),(1957,8,143,0,0,0,0),(1958,9,143,0,0,0,3),(1959,10,143,0,0,0,0),(1960,11,143,0,0,0,2),(1961,13,143,0,0,0,0),(1962,15,143,0,0,0,1),(1963,16,143,0,0,0,0),(1964,20,143,0,0,0,0),(1965,21,143,0,0,0,0),(1966,22,143,0,0,0,1),(1967,28,143,0,0,0,0),(1968,33,143,0,0,0,0),(1969,35,143,0,0,0,2),(1970,39,143,0,0,0,0),(1971,5,144,0,0,0,0),(1972,7,144,0,0,0,0),(1973,8,144,0,0,0,0),(1974,9,144,0,0,0,1),(1975,10,144,0,0,0,0),(1976,11,144,0,0,0,0),(1977,13,144,0,0,0,0),(1978,18,144,0,0,0,0),(1979,20,144,0,0,0,1),(1980,22,144,0,0,0,0),(1981,27,144,0,0,0,0),(1982,39,144,0,0,0,0),(1983,40,144,0,0,0,0),(1984,7,145,0,0,0,0),(1985,8,145,0,0,0,0),(1986,9,145,0,0,0,1),(1987,10,145,0,0,0,0),(1988,11,145,0,0,0,1),(1989,13,145,0,0,0,0),(1990,14,145,0,0,0,0),(1991,18,145,0,0,0,0),(1992,24,145,0,0,0,0),(1993,27,145,0,0,0,0),(1994,28,145,0,0,0,0),(1995,31,145,0,0,0,0),(1996,6,146,0,0,0,0),(1997,7,146,0,0,0,0),(1998,9,146,0,0,0,1),(1999,10,146,0,0,0,0),(2000,13,146,0,0,0,0),(2001,14,146,0,0,0,0),(2002,15,146,0,0,0,1),(2003,16,146,0,0,0,0),(2004,18,146,0,0,0,1),(2005,21,146,0,0,0,4),(2006,24,146,0,0,0,0),(2007,26,146,0,0,0,0),(2008,27,146,0,0,0,0),(2009,28,146,0,0,0,0),(2010,30,146,0,0,0,4),(2011,31,146,0,0,0,0),(2012,33,146,0,0,0,0),(2013,40,146,0,0,0,1),(2014,41,146,0,0,0,0),(2015,42,146,0,0,0,0),(2016,6,147,0,0,0,0),(2017,7,147,0,0,0,0),(2018,8,147,0,0,0,1),(2019,9,147,0,0,0,0),(2020,10,147,0,0,0,0),(2021,13,147,0,0,0,0),(2022,16,147,0,0,0,0),(2023,18,147,0,0,0,0),(2024,21,147,0,0,0,0),(2025,22,147,0,0,0,0),(2026,26,147,0,0,0,0),(2027,27,147,0,0,0,0),(2028,28,147,0,0,0,0),(2029,30,147,0,0,0,0),(2030,33,147,0,0,0,0),(2031,40,147,0,0,0,0),(2032,8,148,0,0,0,0),(2033,9,148,0,0,0,1),(2034,10,148,0,0,0,0),(2035,13,148,0,0,0,0),(2036,16,148,0,0,0,0),(2037,18,148,0,0,0,0),(2038,21,148,0,0,0,0),(2039,22,148,0,0,0,0),(2040,26,148,0,0,0,0),(2041,27,148,0,0,0,0),(2042,28,148,0,0,0,0),(2043,30,148,0,0,0,0),(2044,33,148,0,0,0,0),(2045,40,148,0,0,0,0),(2046,8,149,0,0,0,0),(2047,9,149,0,0,0,2),(2048,10,149,0,0,0,0),(2049,13,149,0,0,0,0),(2050,16,149,0,0,0,0),(2051,18,149,0,0,0,0),(2052,21,149,0,0,0,0),(2053,22,149,0,0,0,1),(2054,26,149,0,0,0,0),(2055,27,149,0,0,0,0),(2056,30,149,0,0,0,2),(2057,33,149,0,0,0,0),(2058,40,149,0,0,0,0),(2059,7,150,0,0,0,0),(2060,8,150,0,0,0,0),(2061,10,150,0,0,0,0),(2062,11,150,0,0,0,0),(2063,13,150,0,0,0,0),(2064,14,150,0,0,0,0),(2065,15,150,0,0,0,0),(2066,16,150,0,0,0,0),(2067,21,150,0,0,0,0),(2068,22,150,0,0,0,1),(2069,27,150,0,0,0,0),(2070,33,150,0,0,0,0),(2071,37,150,0,0,0,0),(2072,39,150,0,0,0,0),(2073,43,150,0,0,0,0),(2074,5,151,0,0,0,0),(2075,7,151,0,0,0,0),(2076,8,151,0,0,0,2),(2077,9,151,0,0,0,1),(2078,10,151,0,0,0,0),(2079,11,151,0,0,0,2),(2080,12,151,0,0,0,0),(2081,13,151,0,0,0,0),(2082,16,151,0,0,0,0),(2083,20,151,0,0,0,1),(2084,22,151,0,0,0,1),(2085,33,151,0,0,0,0),(2086,39,151,0,0,0,0),(2087,40,151,0,0,0,1),(2088,43,151,0,0,0,0),(2089,5,152,0,0,0,0),(2090,6,152,0,0,0,0),(2091,7,152,0,0,0,0),(2092,9,152,0,0,0,0),(2093,13,152,0,0,0,0),(2094,14,152,0,0,0,0),(2095,15,152,0,0,0,1),(2096,26,152,0,0,0,0),(2097,27,152,0,0,0,0),(2098,29,152,0,0,0,0),(2099,33,152,0,0,0,0),(2100,35,152,0,0,0,2),(2101,40,152,0,0,0,1),(2102,5,153,0,0,0,0),(2103,7,153,0,0,0,0),(2104,9,153,0,0,0,2),(2105,10,153,0,0,0,0),(2106,11,153,0,0,0,5),(2107,13,153,0,0,0,0),(2108,19,153,0,0,0,0),(2109,20,153,0,0,0,2),(2110,21,153,0,0,0,0),(2111,22,153,0,0,0,2),(2112,26,153,0,0,0,0),(2113,27,153,0,0,0,0),(2114,28,153,0,0,0,0),(2115,33,153,0,0,0,0),(2116,5,154,0,0,0,0),(2117,8,154,0,0,0,0),(2118,9,154,0,0,0,1),(2119,11,154,0,0,0,1),(2120,13,154,0,0,0,0),(2121,15,154,0,0,0,0),(2122,18,154,0,0,0,0),(2123,20,154,0,0,0,0),(2124,21,154,0,0,0,0),(2125,22,154,0,0,0,0),(2126,27,154,0,0,0,0),(2127,33,154,0,0,0,0),(2128,39,154,0,0,0,0),(2129,5,155,0,0,0,1),(2130,7,155,0,0,0,0),(2131,8,155,0,0,0,0),(2132,9,155,0,0,0,2),(2133,10,155,0,0,0,0),(2134,11,155,0,0,0,1),(2135,13,155,0,0,0,0),(2136,15,155,0,0,0,1),(2137,16,155,0,0,0,0),(2138,18,155,0,0,0,0),(2139,20,155,0,0,0,0),(2140,22,155,0,0,0,0),(2141,27,155,0,0,0,0),(2142,33,155,0,0,0,0),(2143,39,155,0,0,0,0),(2144,40,155,0,0,0,1),(2145,5,156,0,0,0,0),(2146,7,156,0,0,0,0),(2147,8,156,0,0,0,0),(2148,9,156,0,0,0,0),(2149,10,156,0,0,0,0),(2150,11,156,0,0,0,0),(2151,13,156,0,0,0,0),(2152,15,156,0,0,0,0),(2153,20,156,0,0,0,0),(2154,22,156,0,0,0,0),(2155,27,156,0,0,0,0),(2156,33,156,0,0,0,0),(2157,35,156,0,0,0,0),(2158,39,156,0,0,0,0),(2159,5,157,0,0,0,1),(2160,7,157,0,0,0,0),(2161,8,157,0,0,0,0),(2162,10,157,0,0,0,0),(2163,11,157,0,0,0,0),(2164,13,157,0,0,0,0),(2165,16,157,0,0,0,0),(2166,20,157,0,0,0,0),(2167,24,157,0,0,0,0),(2168,28,157,0,0,0,0),(2169,33,157,0,0,0,0),(2170,42,157,0,0,0,0),(2171,44,157,0,0,0,1),(2172,5,158,0,0,0,0),(2173,8,158,0,0,0,0),(2174,11,158,0,0,0,0),(2175,14,158,0,0,0,0),(2176,20,158,0,0,0,0),(2177,28,158,0,0,0,0),(2178,47,158,0,0,0,0),(2179,48,158,0,0,0,0),(2180,54,158,0,0,0,0),(2181,55,158,0,0,0,0),(2182,5,159,0,0,0,0),(2183,8,159,0,0,0,0),(2184,11,159,0,0,0,0),(2185,14,159,0,0,0,0),(2186,20,159,0,0,0,0),(2187,28,159,0,0,0,0),(2188,47,159,0,0,0,0),(2189,48,159,0,0,0,0),(2190,54,159,0,0,0,0),(2191,55,159,0,0,0,0),(2192,5,160,0,0,0,1),(2193,8,160,0,0,0,1),(2194,11,160,0,0,0,0),(2195,14,160,0,0,0,0),(2196,20,160,0,0,0,0),(2197,28,160,0,0,0,0),(2198,47,160,0,0,0,0),(2199,48,160,0,0,0,0),(2200,54,160,0,0,0,0),(2201,55,160,0,0,0,0),(2202,5,161,0,0,0,0),(2203,8,161,0,0,0,0),(2204,11,161,0,0,0,0),(2205,14,161,0,0,0,0),(2206,20,161,0,0,0,0),(2207,28,161,0,0,0,0),(2208,47,161,0,0,0,1),(2209,48,161,0,0,0,0),(2210,54,161,0,0,0,0),(2211,55,161,0,0,0,0),(2212,5,162,0,0,0,0),(2213,8,162,0,0,0,0),(2214,11,162,0,0,0,0),(2215,14,162,0,0,0,0),(2216,20,162,0,0,0,1),(2217,28,162,0,0,0,0),(2218,47,162,0,0,0,0),(2219,48,162,0,0,0,3),(2220,54,162,0,0,0,0),(2221,55,162,0,0,0,1),(2222,5,163,0,0,0,0),(2223,8,163,0,0,0,0),(2224,9,163,0,0,0,0),(2225,10,163,0,0,0,2),(2226,11,163,0,0,0,3),(2227,13,163,0,0,0,0),(2228,35,163,0,0,0,0),(2229,39,163,0,0,0,0),(2230,5,164,0,0,0,0),(2231,8,164,0,0,0,2),(2232,9,164,0,0,0,2),(2233,10,164,0,0,0,0),(2234,11,164,0,0,0,0),(2235,13,164,0,0,0,0),(2236,35,164,0,0,0,0),(2237,39,164,0,0,0,0),(2238,5,165,0,0,0,0),(2239,8,165,0,0,0,0),(2240,9,165,0,0,0,0),(2241,10,165,0,0,0,0),(2242,11,165,0,0,0,0),(2243,13,165,0,0,0,0),(2244,35,165,0,0,0,2),(2245,39,165,0,0,0,0),(2254,9,167,0,0,0,0),(2255,10,167,0,0,0,0),(2256,11,167,0,0,0,2),(2257,13,167,0,0,0,0),(2258,18,167,0,0,0,0),(2259,22,167,0,0,0,0),(2260,35,167,0,0,0,0),(2261,47,167,0,0,0,0),(2270,9,168,0,0,0,1),(2271,10,168,0,0,0,0),(2272,11,168,0,0,0,0),(2273,13,168,0,0,0,0),(2274,18,168,0,0,0,1),(2275,22,168,0,0,0,0),(2276,35,168,0,0,0,0),(2277,47,168,0,0,0,0),(2278,9,169,0,0,0,0),(2279,10,169,0,0,0,1),(2280,11,169,0,0,0,0),(2281,13,169,0,0,0,0),(2282,18,169,0,0,0,0),(2283,22,169,0,0,0,2),(2284,35,169,0,0,0,0),(2285,47,169,0,0,0,0),(2286,9,170,0,0,0,0),(2287,10,170,0,0,0,0),(2288,11,170,0,0,0,0),(2289,13,170,0,0,0,0),(2290,18,170,0,0,0,0),(2291,22,170,0,0,0,0),(2292,35,170,0,0,0,1),(2293,47,170,0,0,0,0),(2294,5,171,0,0,0,0),(2295,8,171,0,0,0,0),(2296,9,171,0,0,0,1),(2297,10,171,0,0,0,0),(2298,11,171,0,0,0,0),(2299,13,171,0,0,0,0),(2300,15,171,0,0,0,0),(2301,20,171,0,0,0,0),(2302,22,171,0,0,0,1),(2303,26,171,0,0,0,0),(2304,27,171,0,0,0,0),(2305,28,171,0,0,0,0),(2306,33,171,0,0,0,0),(2307,35,171,0,0,0,2),(2308,44,171,0,0,0,0),(2309,47,171,0,0,0,0),(2310,56,171,0,0,0,0),(2339,5,174,0,0,0,0),(2340,7,174,0,0,0,0),(2341,8,174,0,0,0,0),(2342,9,174,0,0,0,1),(2343,11,174,0,0,0,0),(2344,12,174,0,0,0,0),(2345,13,174,0,0,0,0),(2346,15,174,0,0,0,0),(2347,20,174,0,0,0,0),(2348,22,174,0,0,0,0),(2349,28,174,0,0,0,0),(2350,33,174,0,0,0,0),(2351,35,174,0,0,0,2),(2352,39,174,0,0,0,0),(2353,45,174,0,0,0,0),(2354,47,174,0,0,0,1),(2364,13,176,0,0,0,1),(2365,16,176,0,0,0,0),(2366,24,176,0,0,0,0),(2367,31,176,0,0,0,0),(2368,57,176,0,0,0,0),(2369,58,176,0,0,0,0),(2370,59,176,0,0,0,0),(2371,60,176,0,0,0,0),(2372,61,176,0,0,0,0),(2373,13,177,0,0,0,1),(2374,16,177,0,0,0,0),(2375,24,177,0,0,0,0),(2376,31,177,0,0,0,0),(2377,57,177,0,0,0,0),(2378,58,177,0,0,0,0),(2379,59,177,0,0,0,1),(2380,60,177,0,0,0,0),(2381,61,177,0,0,0,1),(2382,13,178,0,0,0,0),(2383,16,178,0,0,0,0),(2384,24,178,0,0,0,0),(2385,31,178,0,0,0,0),(2386,57,178,0,0,0,0),(2387,58,178,0,0,0,0),(2388,59,178,0,0,0,0),(2389,60,178,0,0,0,0),(2390,61,178,0,0,0,0),(2391,13,175,0,0,0,0),(2392,16,175,0,0,0,0),(2393,24,175,0,0,0,0),(2394,31,175,0,0,0,0),(2395,57,175,0,0,0,0),(2396,58,175,0,0,0,0),(2397,59,175,0,0,0,0),(2398,60,175,0,0,0,0),(2399,61,175,0,0,0,0),(2415,5,180,0,0,0,1),(2416,6,180,0,0,0,0),(2417,7,180,0,0,0,0),(2418,8,180,0,0,0,0),(2419,9,180,0,0,0,0),(2420,10,180,0,0,0,0),(2421,11,180,0,0,0,1),(2422,13,180,0,0,0,0),(2423,14,180,0,0,0,0),(2424,16,180,0,0,0,0),(2425,18,180,0,0,0,0),(2426,20,180,0,0,0,0),(2427,21,180,0,0,0,1),(2428,22,180,0,0,0,0),(2429,24,180,0,0,0,0),(2430,27,180,0,0,0,0),(2431,28,180,0,0,0,0),(2432,30,180,0,0,0,0),(2433,31,180,0,0,0,0),(2434,35,180,0,0,0,3),(2435,39,180,0,0,0,0),(2436,42,180,0,0,0,0),(2437,43,180,0,0,0,0),(2438,44,180,0,0,0,0),(2439,45,180,0,0,0,0),(2440,56,180,0,0,0,0),(2441,7,181,0,0,0,0),(2442,8,181,0,0,0,0),(2443,9,181,0,0,0,1),(2444,13,181,0,0,0,0),(2445,15,181,0,0,0,1),(2446,20,181,0,0,0,0),(2447,21,181,0,0,0,2),(2448,22,181,0,0,0,0),(2449,33,181,0,0,0,0),(2450,35,181,0,0,0,0),(2451,39,181,0,0,0,0),(2452,46,181,0,0,0,0),(2453,47,181,0,0,0,2),(2454,5,182,0,0,0,0),(2455,6,182,0,0,0,0),(2456,7,182,0,0,0,0),(2457,8,182,0,0,0,1),(2458,9,182,0,0,0,1),(2459,10,182,0,0,0,0),(2460,11,182,0,0,0,0),(2461,13,182,0,0,0,0),(2462,20,182,0,0,0,0),(2463,33,182,0,0,0,0),(2464,35,182,0,0,0,0),(2465,39,182,0,0,0,0),(2466,42,182,0,0,0,0),(2467,44,182,0,0,0,1),(2468,46,182,0,0,0,0),(2469,5,183,0,0,0,0),(2470,8,183,0,0,0,0),(2471,9,183,0,0,0,2),(2472,10,183,0,0,0,0),(2473,11,183,0,0,0,2),(2474,12,183,0,0,0,0),(2475,13,183,0,0,0,0),(2476,15,183,0,0,0,0),(2477,21,183,0,0,0,0),(2478,35,183,0,0,0,1),(2479,39,183,0,0,0,0),(2480,44,183,0,0,0,1),(2481,45,183,0,0,0,0),(2482,46,183,0,0,0,0),(2483,47,183,0,0,0,0),(2484,5,184,0,0,0,0),(2485,7,184,0,0,0,0),(2486,8,184,0,0,0,0),(2487,9,184,0,0,0,0),(2488,11,184,0,0,0,0),(2489,13,184,0,0,0,0),(2490,15,184,0,0,0,1),(2491,20,184,0,0,0,0),(2492,28,184,0,0,0,0),(2493,33,184,0,0,0,0),(2494,35,184,0,0,0,1),(2495,44,184,0,0,0,1),(2496,45,184,0,0,0,0),(2497,46,184,0,0,0,0),(2498,56,184,0,0,0,0),(2499,5,185,0,0,0,0),(2500,6,185,0,0,0,0),(2501,7,185,0,0,0,0),(2502,8,185,0,0,0,0),(2503,9,185,0,0,0,1),(2504,10,185,0,0,0,0),(2505,11,185,0,0,0,1),(2506,13,185,0,0,0,0),(2507,18,185,0,0,0,0),(2508,20,185,0,0,0,0),(2509,26,185,0,0,0,0),(2510,30,185,0,0,0,1),(2511,43,185,0,0,0,0),(2512,44,185,0,0,0,2),(2513,46,185,0,0,0,1),(2514,5,186,0,0,0,1),(2515,8,186,0,0,0,0),(2516,9,186,0,0,0,1),(2517,11,186,0,0,0,1),(2518,12,186,0,0,0,1),(2519,13,186,0,0,0,0),(2520,15,186,0,0,0,0),(2521,20,186,0,0,0,0),(2522,21,186,0,0,0,1),(2523,33,186,0,0,0,0),(2524,35,186,0,0,0,1),(2525,39,186,0,0,0,0),(2526,44,186,0,0,0,1),(2527,45,186,0,0,0,0),(2528,46,186,0,0,0,0),(2529,5,187,0,0,0,1),(2530,8,187,0,0,0,1),(2531,11,187,0,0,0,2),(2532,13,187,0,0,0,1),(2533,15,187,0,0,0,1),(2534,20,187,0,0,0,0),(2535,26,187,0,0,0,0),(2536,28,187,0,0,0,0),(2537,33,187,0,0,0,0),(2538,43,187,0,0,0,0),(2539,44,187,0,0,0,1),(2540,45,187,0,0,0,0),(2541,46,187,0,0,0,0),(2542,47,187,0,0,0,1),(2543,56,187,0,0,0,0),(2544,5,166,0,0,0,0),(2545,8,166,0,0,0,0),(2546,9,166,0,0,0,1),(2547,10,166,0,0,0,0),(2548,11,166,0,0,0,0),(2549,13,166,0,0,0,0),(2550,35,166,0,0,0,1),(2551,39,166,0,0,0,0),(2552,5,172,0,0,0,0),(2553,6,172,0,0,0,0),(2554,8,172,0,0,0,0),(2555,9,172,0,0,0,2),(2556,10,172,0,0,0,0),(2557,11,172,0,0,0,0),(2558,12,172,0,0,0,0),(2559,13,172,0,0,0,0),(2560,28,172,0,0,0,0),(2561,39,172,0,0,0,0),(2562,44,172,0,0,0,2),(2563,45,172,0,0,0,0),(2564,46,172,0,0,0,0),(2565,5,173,0,0,0,0),(2566,7,173,0,0,0,0),(2567,8,173,0,0,0,0),(2568,9,173,0,0,0,2),(2569,11,173,0,0,0,0),(2570,13,173,0,0,0,0),(2571,20,173,0,0,0,0),(2572,28,173,0,0,0,0),(2573,33,173,0,0,0,0),(2574,39,173,0,0,0,0),(2575,43,173,0,0,0,0),(2576,44,173,0,0,0,0),(2577,46,173,0,0,0,0),(2578,5,188,0,0,0,1),(2579,6,188,0,0,0,0),(2580,8,188,0,0,0,0),(2581,9,188,0,0,0,2),(2582,10,188,0,0,0,0),(2583,11,188,0,0,0,0),(2584,12,188,0,0,0,0),(2585,13,188,0,0,0,0),(2586,15,188,0,0,0,0),(2587,20,188,0,0,0,0),(2588,22,188,0,0,0,0),(2589,28,188,0,0,0,1),(2590,33,188,0,0,0,0),(2591,35,188,0,0,0,2),(2592,37,188,0,0,0,0),(2593,39,188,0,0,0,0),(2594,45,188,0,0,0,0),(2595,5,179,0,0,0,0),(2596,6,179,0,0,0,0),(2597,7,179,0,0,0,0),(2598,8,179,0,0,0,0),(2599,9,179,0,0,0,1),(2600,10,179,0,0,0,0),(2601,11,179,0,0,0,0),(2602,13,179,0,0,0,0),(2603,18,179,0,0,0,2),(2604,20,179,0,0,0,0),(2605,24,179,0,0,0,0),(2606,27,179,0,0,0,0),(2607,35,179,0,0,0,0),(2608,39,179,0,0,0,0),(2609,43,179,0,0,0,0),(2610,44,179,0,0,0,0),(2611,46,179,0,0,0,1),(2612,5,189,0,0,0,0),(2613,6,189,0,0,0,0),(2614,7,189,0,0,0,0),(2615,8,189,0,0,0,1),(2616,9,189,0,0,0,1),(2617,11,189,0,0,0,1),(2618,13,189,0,0,0,0),(2619,15,189,0,0,0,0),(2620,20,189,0,0,0,0),(2621,22,189,0,0,0,0),(2622,28,189,0,0,0,0),(2623,33,189,0,0,0,0),(2624,39,189,0,0,0,0),(2625,42,189,0,0,0,0),(2626,47,189,0,0,0,0),(2699,8,197,0,0,0,0),(2700,11,197,0,0,0,0),(2701,15,197,0,0,0,2),(2702,20,197,0,0,0,0),(2703,35,197,0,0,0,0),(2704,39,197,0,0,0,0),(2705,44,197,0,0,0,0),(2706,46,197,0,0,0,0),(2707,47,197,0,0,0,1),(2716,8,199,0,0,0,0),(2717,11,199,0,0,0,0),(2718,15,199,0,0,0,0),(2719,20,199,0,0,0,0),(2720,35,199,0,0,0,1),(2721,39,199,0,0,0,0),(2722,44,199,0,0,0,1),(2723,46,199,0,0,0,0),(2724,47,199,0,0,0,2),(2734,8,195,0,0,0,1),(2735,11,195,0,0,0,0),(2736,15,195,0,0,0,1),(2737,20,195,0,0,0,0),(2738,35,195,0,0,0,0),(2739,39,195,0,0,0,0),(2740,44,195,0,0,0,0),(2741,46,195,0,0,0,0),(2742,47,195,0,0,0,0),(2779,6,190,0,0,0,0),(2780,8,190,0,0,0,1),(2781,10,190,0,0,0,0),(2782,12,190,0,0,0,0),(2783,13,190,0,0,0,0),(2784,20,190,0,0,0,0),(2785,22,190,0,0,0,0),(2786,35,190,0,0,0,1),(2787,39,190,0,0,0,0),(2788,44,190,0,0,0,1),(2789,46,190,0,0,0,0),(2811,6,192,0,0,0,0),(2812,8,192,0,0,0,0),(2813,10,192,0,0,0,0),(2814,12,192,0,0,0,0),(2815,13,192,0,0,0,0),(2816,20,192,0,0,0,0),(2817,22,192,0,0,0,0),(2818,35,192,0,0,0,0),(2819,39,192,0,0,0,0),(2820,44,192,0,0,0,0),(2821,46,192,0,0,0,0),(2844,6,191,0,0,0,0),(2845,8,191,0,0,0,0),(2846,10,191,0,0,0,0),(2847,12,191,0,0,0,0),(2848,13,191,0,0,0,0),(2849,20,191,0,0,0,0),(2850,22,191,0,0,0,0),(2851,35,191,0,0,0,1),(2852,39,191,0,0,0,0),(2853,44,191,0,0,0,0),(2854,46,191,0,0,0,0),(2855,6,193,0,0,0,0),(2856,8,193,0,0,0,0),(2857,10,193,0,0,0,0),(2858,12,193,0,0,0,0),(2859,13,193,0,0,0,0),(2860,20,193,0,0,0,0),(2861,22,193,0,0,0,1),(2862,35,193,0,0,0,0),(2863,39,193,0,0,0,0),(2864,44,193,0,0,0,0),(2865,46,193,0,0,0,0),(2866,8,194,0,0,0,0),(2867,11,194,0,0,0,0),(2868,15,194,0,0,0,2),(2869,20,194,0,0,0,0),(2870,35,194,0,0,0,0),(2871,39,194,0,0,0,0),(2872,44,194,0,0,0,0),(2873,46,194,0,0,0,0),(2874,47,194,0,0,0,0),(2875,8,196,0,0,0,0),(2876,11,196,0,0,0,0),(2877,15,196,0,0,0,2),(2878,20,196,0,0,0,0),(2879,35,196,0,0,0,0),(2880,39,196,0,0,0,0),(2881,44,196,0,0,0,0),(2882,46,196,0,0,0,0),(2883,47,196,0,0,0,1),(2884,8,198,0,0,0,2),(2885,11,198,0,0,0,0),(2886,15,198,0,0,0,0),(2887,20,198,0,0,0,0),(2888,35,198,0,0,0,0),(2889,39,198,0,0,0,0),(2890,44,198,0,0,0,0),(2891,46,198,0,0,0,0),(2892,47,198,0,0,0,0),(2893,8,200,0,0,0,0),(2894,11,200,0,0,0,0),(2895,15,200,0,0,0,0),(2896,20,200,0,0,0,0),(2897,35,200,0,0,0,3),(2898,39,200,0,0,0,0),(2899,44,200,0,0,0,0),(2900,46,200,0,0,0,0),(2901,47,200,0,0,0,1),(2902,7,201,0,0,0,0),(2903,8,201,0,0,0,0),(2904,11,201,0,0,0,0),(2905,13,201,0,0,0,0),(2906,15,201,0,0,0,1),(2907,39,201,0,0,0,0),(2908,45,201,0,0,0,0),(2909,64,201,0,0,0,0),(2910,7,202,0,0,0,0),(2911,8,202,0,0,0,0),(2912,11,202,0,0,0,0),(2913,15,202,0,0,0,0),(2914,39,202,0,0,0,0),(2915,45,202,0,0,0,0),(2916,64,202,0,0,0,1),(2922,7,204,0,0,0,0),(2923,15,204,0,0,0,2),(2924,39,204,0,0,0,0),(2925,45,204,0,0,0,0),(2926,64,204,0,0,0,0),(2927,65,204,0,0,0,1),(2928,66,204,0,0,0,0),(2937,7,205,0,0,0,0),(2938,15,205,0,0,0,1),(2939,33,205,0,0,0,0),(2940,39,205,0,0,0,0),(2941,45,205,0,0,0,0),(2942,64,205,0,0,0,1),(2943,65,205,0,0,0,0),(2944,66,205,0,0,0,0),(2957,5,206,0,0,0,0),(2958,7,206,0,0,0,0),(2959,8,206,0,0,0,0),(2960,11,206,0,1,0,0),(2961,13,206,0,0,0,0),(2962,20,206,0,0,0,0),(2963,22,206,0,0,0,1),(2964,33,206,0,0,0,0),(2965,39,206,0,0,0,0),(2966,44,206,0,0,0,4),(2967,46,206,0,0,0,0),(2968,67,206,0,0,0,0),(2969,5,207,0,1,0,0),(2970,7,207,0,0,0,0),(2971,8,207,0,0,0,1),(2972,11,207,0,1,0,0),(2973,13,207,0,1,0,0),(2974,18,207,0,0,0,0),(2975,20,207,0,0,0,0),(2976,22,207,0,0,0,0),(2977,33,207,0,0,0,0),(2978,39,207,0,1,0,0),(2979,43,207,0,1,0,0),(2980,46,207,0,1,0,0),(2981,5,208,0,0,0,0),(2982,6,208,0,0,0,0),(2983,7,208,0,0,0,0),(2984,8,208,0,0,0,1),(2985,10,208,0,0,0,0),(2986,11,208,0,0,0,0),(2987,13,208,0,0,0,0),(2988,20,208,0,0,0,0),(2989,39,208,0,0,0,0),(2990,43,208,0,0,0,0),(2991,68,208,0,0,0,0),(2992,69,208,0,0,0,0),(2993,70,208,0,0,0,0),(3005,5,210,0,0,0,3),(3006,6,210,0,0,0,0),(3007,8,210,0,0,0,1),(3008,13,210,0,0,0,0),(3009,20,210,0,0,0,0),(3010,22,210,0,0,0,1),(3011,33,210,0,0,0,0),(3012,43,210,0,0,0,0),(3013,44,210,0,0,0,1),(3014,45,210,0,0,0,0),(3015,46,210,0,0,0,0),(3016,56,210,0,0,0,1),(3017,67,210,0,0,0,0),(3018,71,210,0,0,0,0),(3019,5,209,0,0,0,0),(3020,8,209,0,0,0,2),(3021,13,209,0,0,0,0),(3022,20,209,0,0,0,0),(3023,22,209,0,0,0,1),(3024,35,209,0,0,0,0),(3025,39,209,0,0,0,0),(3026,43,209,0,0,0,0),(3027,45,209,0,0,0,0),(3028,46,209,0,0,0,0),(3029,67,209,0,0,0,0),(3151,5,211,0,0,0,0),(3152,6,211,0,0,0,0),(3153,7,211,0,0,0,0),(3154,8,211,0,0,0,0),(3155,9,211,0,0,0,0),(3156,10,211,0,0,0,1),(3157,11,211,0,0,0,0),(3158,13,211,0,0,0,0),(3159,14,211,0,0,0,0),(3160,18,211,0,0,0,0),(3161,19,211,0,0,0,1),(3162,20,211,0,0,0,1),(3163,24,211,0,0,0,0),(3164,29,211,0,0,0,0),(3165,31,211,0,0,0,0),(3166,33,211,0,0,0,1),(3167,43,211,0,0,0,0),(3168,45,211,0,0,0,0),(3169,56,211,0,0,0,3),(3170,61,211,0,0,0,0),(3171,67,211,0,0,0,0),(3172,72,211,0,0,0,0),(3173,73,211,0,0,0,0),(3174,74,211,0,0,0,0),(3175,75,211,0,0,0,0),(3200,6,215,0,0,0,0),(3201,8,215,0,0,0,2),(3202,9,215,0,0,0,0),(3203,10,215,0,0,0,1),(3204,13,215,0,0,0,0),(3205,20,215,0,0,0,0),(3206,33,215,0,0,0,0),(3207,35,215,0,0,0,0),(3208,43,215,0,0,0,1),(3209,46,215,0,0,0,1),(3210,72,215,0,0,0,0),(3211,6,213,0,0,0,0),(3212,8,213,0,0,0,1),(3213,9,213,0,0,0,0),(3214,10,213,0,0,0,0),(3215,13,213,0,0,0,0),(3216,20,213,0,0,0,0),(3217,33,213,0,0,0,0),(3218,35,213,0,0,0,0),(3219,43,213,0,0,0,0),(3220,46,213,0,0,0,0),(3221,72,213,0,0,0,0),(3222,5,212,0,0,0,0),(3223,6,212,0,0,0,1),(3224,8,212,0,0,0,0),(3225,9,212,0,0,0,1),(3226,10,212,0,0,0,1),(3227,11,212,0,0,0,0),(3228,13,212,0,0,0,0),(3229,20,212,0,0,0,1),(3230,33,212,0,0,0,0),(3231,43,212,0,0,0,0),(3232,45,212,0,0,0,0),(3233,56,212,0,0,0,3),(3234,61,212,0,0,0,0),(3235,72,212,0,0,0,0),(3236,5,216,0,0,0,0),(3237,6,216,0,0,0,0),(3238,8,216,0,0,0,0),(3239,9,216,0,0,0,1),(3240,10,216,0,0,0,0),(3241,13,216,0,0,0,0),(3242,20,216,0,0,0,0),(3243,33,216,0,0,0,0),(3244,35,216,0,0,0,1),(3245,43,216,0,0,0,0),(3246,46,216,0,0,0,0),(3247,72,216,0,0,0,0),(3248,6,214,0,0,0,0),(3249,8,214,0,0,0,0),(3250,9,214,0,0,0,1),(3251,10,214,0,0,0,0),(3252,11,214,0,0,0,0),(3253,13,214,0,0,0,0),(3254,20,214,0,0,0,0),(3255,33,214,0,0,0,0),(3256,35,214,0,0,0,1),(3257,43,214,0,0,0,0),(3258,46,214,0,0,0,0),(3259,72,214,0,0,0,0),(3292,5,217,0,0,0,0),(3293,8,217,0,0,0,1),(3294,11,217,0,0,0,0),(3295,22,217,0,0,0,1),(3296,23,217,0,0,0,0),(3297,33,217,0,0,0,0),(3298,39,217,0,0,0,0),(3299,43,217,0,0,0,0),(3300,44,217,0,0,0,1),(3301,45,217,0,0,0,0),(3302,46,217,0,0,0,0),(3303,56,217,0,0,0,2),(3304,68,217,0,0,0,0),(3305,69,217,0,0,0,1),(3306,71,217,0,0,0,0),(3307,72,217,0,0,0,0),(3308,7,218,0,0,0,0),(3309,8,218,0,0,0,1),(3310,10,218,0,0,0,0),(3311,11,218,0,0,0,0),(3312,19,218,0,0,0,0),(3313,20,218,0,0,0,0),(3314,22,218,0,0,0,1),(3315,33,218,0,0,0,0),(3316,39,218,0,0,0,0),(3317,42,218,0,0,0,0),(3318,46,218,0,0,0,0),(3319,56,218,0,0,0,0),(3320,71,218,0,0,0,0),(3321,7,219,0,0,0,0),(3322,11,219,0,0,0,2),(3323,15,219,0,0,0,0),(3324,19,219,0,0,0,0),(3325,20,219,0,0,0,0),(3326,22,219,0,0,0,0),(3327,33,219,0,0,0,0),(3328,44,219,0,0,0,1),(3329,46,219,0,0,0,1),(3330,56,219,0,0,0,1),(3331,67,219,0,0,0,0),(3332,71,219,0,0,0,0),(3333,72,219,0,0,0,2),(3402,6,223,0,0,0,0),(3403,7,223,0,0,0,0),(3404,8,223,0,0,0,0),(3405,10,223,0,0,0,0),(3406,11,223,0,0,0,1),(3407,15,223,0,0,0,1),(3408,16,223,0,0,0,0),(3409,20,223,0,0,0,0),(3410,21,223,0,0,0,1),(3411,24,223,0,0,0,0),(3412,28,223,0,0,0,0),(3413,31,223,0,0,0,0),(3414,57,223,0,0,0,0),(3415,5,222,0,0,0,0),(3416,6,222,0,0,0,0),(3417,7,222,0,0,0,0),(3418,8,222,0,0,0,0),(3419,10,222,0,0,0,0),(3420,11,222,0,0,0,0),(3421,19,222,0,0,0,0),(3422,20,222,0,0,0,0),(3423,22,222,0,0,0,2),(3424,33,222,0,0,0,0),(3425,39,222,0,0,0,0),(3426,43,222,0,0,0,0),(3427,44,222,0,0,0,1),(3428,46,222,0,0,0,0),(3429,68,222,0,0,0,0),(3430,69,222,0,0,0,1),(3431,7,203,0,0,0,0),(3432,15,203,0,0,0,0),(3433,20,203,0,0,0,0),(3434,39,203,0,0,0,1),(3435,45,203,0,0,0,0),(3436,64,203,0,0,0,0),(3437,5,221,0,0,0,0),(3438,6,221,0,0,0,0),(3439,7,221,0,0,0,0),(3440,11,221,0,0,0,2),(3441,20,221,0,0,0,0),(3442,22,221,0,0,0,0),(3443,28,221,0,0,0,0),(3444,33,221,0,0,0,0),(3445,39,221,0,0,0,0),(3446,43,221,0,0,0,0),(3447,46,221,0,0,0,0),(3448,56,221,0,0,0,0),(3449,67,221,0,0,0,0),(3450,72,221,0,0,0,0),(3451,7,224,0,0,0,0),(3452,8,224,0,0,0,2),(3453,10,224,0,0,0,0),(3454,11,224,0,0,0,0),(3455,12,224,0,0,0,0),(3456,20,224,0,0,0,0),(3457,22,224,0,0,0,0),(3458,35,224,0,0,0,0),(3459,46,224,0,0,0,0),(3460,72,224,0,0,0,0),(3461,7,225,0,0,0,0),(3462,8,225,0,0,0,0),(3463,10,225,0,0,0,0),(3464,11,225,0,0,0,0),(3465,12,225,0,0,0,0),(3466,20,225,0,0,0,0),(3467,22,225,0,0,0,1),(3468,35,225,0,0,0,0),(3469,46,225,0,0,0,0),(3470,72,225,0,0,0,0),(3471,7,226,0,0,0,0),(3472,8,226,0,0,0,0),(3473,10,226,0,0,0,0),(3474,11,226,0,0,0,0),(3475,12,226,0,0,0,0),(3476,20,226,0,0,0,0),(3477,22,226,0,0,0,0),(3478,35,226,0,0,0,0),(3479,46,226,0,0,0,0),(3480,72,226,0,0,0,1),(3545,5,231,0,0,0,0),(3546,8,231,0,0,0,0),(3547,11,231,0,0,0,0),(3548,12,231,0,0,0,0),(3549,35,231,0,0,0,4),(3550,39,231,0,0,0,0),(3551,46,231,0,0,0,0),(3552,69,231,0,0,0,0),(3553,72,231,0,0,0,0),(3554,5,232,0,0,0,2),(3555,8,232,0,0,0,0),(3556,11,232,0,0,0,0),(3557,12,232,0,0,0,0),(3558,35,232,0,0,0,0),(3559,39,232,0,0,0,0),(3560,46,232,0,0,0,0),(3561,69,232,0,0,0,0),(3562,72,232,0,0,0,0),(3563,5,233,0,0,0,0),(3564,8,233,0,0,0,3),(3565,11,233,0,0,0,0),(3566,12,233,0,0,0,0),(3567,35,233,0,0,0,0),(3568,39,233,0,0,0,0),(3569,46,233,0,0,0,0),(3570,69,233,0,0,0,0),(3571,72,233,0,0,0,0),(3572,5,234,0,0,0,0),(3573,8,234,0,0,0,0),(3574,11,234,0,0,0,1),(3575,12,234,0,0,0,0),(3576,35,234,0,0,0,0),(3577,39,234,0,0,0,0),(3578,46,234,0,0,0,0),(3579,69,234,0,0,0,0),(3580,72,234,0,0,0,0),(3581,5,235,0,0,0,0),(3582,8,235,0,0,0,0),(3583,11,235,0,0,0,0),(3584,12,235,0,0,0,0),(3585,35,235,0,0,0,0),(3586,39,235,0,0,0,0),(3587,46,235,0,0,0,0),(3588,69,235,0,0,0,0),(3589,72,235,0,0,0,5),(3626,5,237,0,0,0,0),(3627,8,237,0,0,0,0),(3628,11,237,0,0,0,1),(3629,12,237,0,0,0,0),(3630,35,237,0,0,0,0),(3631,39,237,0,0,0,0),(3632,46,237,0,0,0,0),(3633,69,237,0,0,0,0),(3634,72,237,0,0,0,0),(3664,5,236,0,0,0,0),(3665,8,236,0,0,0,0),(3666,11,236,0,0,0,1),(3667,12,236,0,0,0,0),(3668,35,236,0,0,0,0),(3669,39,236,0,0,0,0),(3670,46,236,0,0,0,0),(3671,69,236,0,0,0,0),(3672,72,236,0,0,0,0),(3673,7,227,0,0,0,0),(3674,8,227,0,0,0,0),(3675,10,227,0,0,0,0),(3676,11,227,0,0,0,0),(3677,12,227,0,0,0,0),(3678,20,227,0,0,0,0),(3679,22,227,0,0,0,0),(3680,35,227,0,0,0,0),(3681,46,227,0,0,0,1),(3682,72,227,0,0,0,0),(3683,7,229,0,0,0,0),(3684,8,229,0,0,0,0),(3685,10,229,0,0,0,0),(3686,11,229,0,0,0,0),(3687,12,229,0,0,0,0),(3688,20,229,0,0,0,0),(3689,22,229,0,0,0,0),(3690,35,229,0,0,0,3),(3691,46,229,0,0,0,0),(3692,72,229,0,0,0,0),(3702,7,228,0,0,0,0),(3703,8,228,0,0,0,0),(3704,10,228,0,0,0,2),(3705,11,228,0,0,0,0),(3706,12,228,0,0,0,0),(3707,20,228,0,0,0,0),(3708,22,228,0,0,0,0),(3709,35,228,0,0,0,0),(3710,46,228,0,0,0,0),(3711,72,228,0,0,0,0),(3738,7,238,0,0,0,0),(3739,8,238,0,0,0,1),(3740,9,238,0,0,0,0),(3741,11,238,0,0,0,0),(3742,13,238,0,0,0,0),(3743,15,238,0,0,0,0),(3744,20,238,0,0,0,0),(3745,39,238,0,0,0,0),(3746,43,238,0,0,0,0),(3747,46,238,0,0,0,1),(3748,67,238,0,0,0,0),(3749,72,238,0,0,0,0),(3750,5,239,0,0,0,0),(3751,7,239,0,0,0,0),(3752,8,239,0,0,0,0),(3753,11,239,0,0,0,0),(3754,13,239,0,0,0,0),(3755,20,239,0,0,0,0),(3756,21,239,0,0,0,0),(3757,22,239,0,0,0,1),(3758,35,239,0,0,0,1),(3759,39,239,0,0,0,0),(3760,46,239,0,0,0,0),(3761,68,239,0,0,0,0),(3762,69,239,0,0,0,1),(3763,72,239,0,0,0,0),(3764,76,239,0,0,0,0),(3774,5,230,0,0,0,0),(3775,8,230,0,0,0,0),(3776,11,230,0,0,0,0),(3777,12,230,0,0,0,1),(3778,35,230,0,0,0,0),(3779,39,230,0,0,0,0),(3780,46,230,0,0,0,0),(3781,69,230,0,0,0,0),(3782,72,230,0,0,0,0),(3783,5,240,0,0,0,0),(3784,7,240,0,0,0,0),(3785,8,240,0,0,0,0),(3786,11,240,0,0,0,0),(3787,20,240,0,0,0,0),(3788,22,240,0,0,0,0),(3789,39,240,0,0,0,0),(3790,44,240,0,0,0,0),(3791,46,240,0,0,0,0),(3792,68,240,0,0,0,2),(3793,69,240,0,0,0,1),(3794,70,240,0,0,0,2),(3795,8,241,0,0,0,0),(3796,9,241,0,0,0,0),(3797,11,241,0,0,0,0),(3798,13,241,0,0,0,0),(3799,18,241,0,0,0,0),(3800,20,241,0,0,0,0),(3801,35,241,0,0,0,2),(3802,39,241,0,0,0,0),(3803,46,241,0,0,0,1),(3804,67,241,0,0,0,0),(3805,69,241,0,0,0,2),(3806,77,241,0,0,0,1),(3807,78,241,0,0,0,0),(3808,5,242,0,0,0,0),(3809,9,242,0,0,0,0),(3810,10,242,0,0,0,0),(3811,11,242,0,0,0,0),(3812,13,242,0,0,0,0),(3813,15,242,0,0,0,0),(3814,18,242,0,0,0,0),(3815,20,242,0,0,0,0),(3816,22,242,0,0,0,2),(3817,42,242,0,0,0,0),(3818,44,242,0,0,0,0),(3819,46,242,0,0,0,0),(3820,57,242,0,0,0,0),(3821,69,242,0,0,0,0),(3835,5,243,0,0,0,0),(3836,6,243,0,0,0,0),(3837,7,243,0,0,0,1),(3838,8,243,0,0,0,0),(3839,11,243,0,0,0,2),(3840,13,243,0,0,0,0),(3841,20,243,0,0,0,0),(3842,21,243,0,0,0,1),(3843,35,243,0,0,0,1),(3844,39,243,0,0,0,0),(3845,44,243,0,0,0,0),(3846,56,243,0,0,0,0),(3847,67,243,0,0,0,0),(3848,68,243,0,0,0,0),(3849,69,243,0,0,0,2),(3850,70,243,0,0,0,1),(3865,5,245,0,0,0,0),(3866,8,245,0,0,0,0),(3867,9,245,0,0,0,0),(3868,11,245,0,0,0,1),(3869,13,245,0,0,0,0),(3870,20,245,0,0,0,0),(3871,21,245,0,0,0,1),(3872,39,245,0,0,0,0),(3873,44,245,0,0,0,0),(3874,46,245,0,0,0,0),(3875,68,245,0,0,0,1),(3876,70,245,0,0,0,0),(3877,72,245,0,0,0,1),(3878,77,245,0,0,0,0),(3934,11,248,0,0,0,0),(3935,13,248,0,0,0,0),(3936,20,248,0,0,0,0),(3937,21,248,0,0,0,0),(3938,29,248,0,0,0,0),(3939,31,248,0,0,0,0),(3940,35,248,0,0,0,3),(3941,36,248,0,0,0,0),(3942,46,248,0,0,0,1),(3943,67,248,0,0,0,0),(3944,71,248,0,0,0,0),(3945,72,248,0,0,0,0),(3946,79,248,0,0,0,0),(3977,5,250,0,0,0,0),(3978,6,250,0,0,0,0),(3979,7,250,0,0,0,0),(3980,8,250,0,0,0,0),(3981,9,250,0,0,0,0),(3982,10,250,0,0,0,0),(3983,11,250,0,0,0,1),(3984,18,250,0,0,0,0),(3985,20,250,0,0,0,0),(3986,29,250,0,0,0,2),(3987,33,250,0,0,0,0),(3988,39,250,0,0,0,0),(3989,57,250,0,0,0,0),(3990,69,250,0,0,0,0),(3991,70,250,0,0,0,0),(4050,5,244,0,0,0,0),(4051,6,244,0,0,0,0),(4052,7,244,0,0,0,0),(4053,8,244,0,0,0,0),(4054,9,244,0,0,0,0),(4055,11,244,0,0,0,2),(4056,13,244,0,0,0,0),(4057,20,244,0,0,0,0),(4058,33,244,0,0,0,0),(4059,35,244,0,0,0,5),(4060,39,244,0,0,0,0),(4061,43,244,0,0,0,0),(4062,46,244,0,0,0,0),(4063,72,244,0,0,0,2),(4064,5,247,0,0,0,0),(4065,6,247,0,0,0,0),(4066,7,247,0,0,0,0),(4067,8,247,0,0,0,0),(4068,11,247,0,0,0,1),(4069,21,247,0,0,0,0),(4070,29,247,0,0,0,1),(4071,33,247,0,0,0,0),(4072,35,247,0,0,0,3),(4073,44,247,0,0,0,0),(4074,45,247,0,0,0,0),(4075,56,247,0,0,0,0),(4076,67,247,0,0,0,0),(4077,69,247,0,0,0,0),(4078,72,247,0,0,0,0),(4079,7,249,0,0,0,0),(4080,8,249,0,0,0,4),(4081,11,249,0,0,0,0),(4082,15,249,0,0,0,1),(4083,18,249,0,0,0,0),(4084,20,249,0,0,0,0),(4085,29,249,0,0,0,0),(4086,35,249,0,0,0,2),(4087,44,249,0,0,0,0),(4088,46,249,0,0,0,0),(4089,67,249,0,0,0,0),(4090,68,249,0,0,0,2),(4091,70,249,0,0,0,0),(4092,71,249,0,0,0,0),(4093,72,249,0,0,0,0),(4094,5,251,0,0,0,0),(4095,8,251,0,0,0,0),(4096,11,251,0,0,0,0),(4097,13,251,0,0,0,0),(4098,18,251,0,0,0,0),(4099,20,251,0,0,0,0),(4100,22,251,0,0,0,0),(4101,29,251,0,0,0,1),(4102,35,251,0,0,0,1),(4103,39,251,0,0,0,0),(4104,44,251,0,0,0,0),(4105,57,251,0,0,0,0),(4106,70,251,0,0,0,0),(4107,72,251,0,0,0,0),(4158,5,256,0,0,0,0),(4159,6,256,0,0,0,0),(4160,7,256,0,0,0,0),(4161,9,256,0,0,0,1),(4162,10,256,0,0,0,0),(4163,16,256,0,0,0,0),(4164,19,256,0,0,0,0),(4165,20,256,0,0,0,0),(4166,29,256,0,0,0,0),(4167,33,256,0,0,0,0),(4168,39,256,0,0,0,0),(4169,43,256,0,0,0,1),(4170,57,256,0,0,0,0),(4171,69,256,0,0,0,1),(4172,70,256,0,0,0,1),(4184,5,257,0,0,0,0),(4185,8,257,0,0,0,0),(4186,9,257,0,0,0,0),(4187,10,257,0,0,0,1),(4188,18,257,0,0,0,0),(4189,20,257,0,0,0,0),(4190,29,257,0,0,0,0),(4191,33,257,0,0,0,0),(4192,35,257,0,0,0,1),(4193,67,257,0,0,0,0),(4194,69,257,0,0,0,0),(4195,70,257,0,0,0,0),(4196,6,252,0,0,0,0),(4197,7,252,0,0,0,0),(4198,9,252,0,0,0,0),(4199,10,252,0,0,0,0),(4200,11,252,0,0,0,0),(4201,13,252,0,0,0,0),(4202,18,252,0,0,0,0),(4203,21,252,0,0,0,0),(4204,22,252,0,0,0,0),(4205,39,252,0,0,0,0),(4206,68,252,0,0,0,0),(4207,69,252,0,0,0,2),(4208,6,253,0,0,0,0),(4209,7,253,0,0,0,0),(4210,9,253,0,0,0,0),(4211,10,253,0,0,0,0),(4212,11,253,0,0,0,0),(4213,13,253,0,0,0,0),(4214,18,253,0,0,0,0),(4215,21,253,0,0,0,1),(4216,22,253,0,0,0,1),(4217,39,253,0,0,0,0),(4218,68,253,0,0,0,0),(4219,69,253,0,0,0,0),(4220,6,254,0,0,0,0),(4221,7,254,0,0,0,0),(4222,9,254,0,0,0,0),(4223,10,254,0,0,0,0),(4224,11,254,0,0,0,0),(4225,13,254,0,0,0,0),(4226,18,254,0,0,0,1),(4227,21,254,0,0,0,0),(4228,22,254,0,0,0,0),(4229,39,254,0,0,0,0),(4230,68,254,0,0,0,0),(4231,69,254,0,0,0,0),(4232,6,255,0,0,0,0),(4233,7,255,0,0,0,0),(4234,9,255,0,0,0,0),(4235,10,255,0,0,0,0),(4236,11,255,0,0,0,0),(4237,13,255,0,0,0,0),(4238,18,255,0,0,0,0),(4239,21,255,0,0,0,0),(4240,22,255,0,0,0,0),(4241,39,255,0,0,0,0),(4242,68,255,0,0,0,0),(4243,69,255,0,0,0,0),(4244,6,258,0,0,0,0),(4245,7,258,0,0,0,0),(4246,9,258,0,0,0,3),(4247,11,258,0,0,0,1),(4248,16,258,0,0,0,0),(4249,21,258,0,0,0,2),(4250,22,258,0,0,0,1),(4251,29,258,0,0,0,0),(4252,33,258,0,0,0,0),(4253,35,258,0,0,0,2),(4254,39,258,0,0,0,0),(4255,67,258,0,0,0,0),(4256,68,258,0,0,0,1),(4257,69,258,0,0,0,0),(4258,5,246,0,0,0,0),(4259,6,246,0,0,0,0),(4260,7,246,0,0,0,0),(4261,8,246,0,0,0,0),(4262,9,246,0,0,0,1),(4263,10,246,0,0,0,1),(4264,11,246,0,0,0,1),(4265,13,246,0,0,0,0),(4266,16,246,0,0,0,0),(4267,18,246,0,0,0,0),(4268,20,246,0,0,0,0),(4269,21,246,0,0,0,1),(4270,24,246,0,0,0,0),(4271,29,246,0,0,0,0),(4272,31,246,0,0,0,0),(4273,33,246,0,0,0,0),(4274,42,246,0,0,0,0),(4275,43,246,0,0,0,0),(4276,44,246,0,0,0,0),(4277,46,246,0,0,0,1),(4278,57,246,0,0,0,0),(4279,61,246,0,0,0,0),(4280,67,246,0,0,0,0),(4281,68,246,0,0,0,0),(4282,70,246,0,0,0,1),(4283,72,246,0,0,0,3),(4284,77,246,0,0,0,0),(4301,7,261,0,0,0,0),(4302,8,261,0,0,0,0),(4303,9,261,0,0,0,0),(4304,20,261,0,0,0,0),(4305,22,261,0,0,0,0),(4306,67,261,0,0,0,0),(4307,68,261,0,0,0,0),(4308,70,261,0,0,0,0),(4309,88,261,0,0,0,1),(4314,8,262,0,0,0,2),(4315,11,262,0,0,0,1),(4316,13,262,0,0,0,0),(4317,16,262,0,0,0,0),(4318,29,262,0,0,0,0),(4319,44,262,0,0,0,0),(4320,67,262,0,0,0,0),(4321,68,262,0,0,0,0),(4322,79,262,0,0,0,0),(4323,82,262,0,0,0,0),(4324,84,262,0,0,0,0),(4325,87,262,0,0,0,0),(4326,89,262,0,0,0,1),(4327,90,262,0,0,0,2),(4328,7,263,0,0,0,0),(4329,8,263,0,0,0,0),(4330,9,263,0,0,0,0),(4331,18,263,0,0,0,0),(4332,24,263,0,0,0,0),(4333,39,263,0,0,0,0),(4334,73,263,0,0,0,0),(4335,76,263,0,0,0,0),(4336,79,263,0,0,0,1),(4337,83,263,0,0,0,0),(4338,89,263,0,0,0,0),(4339,7,264,0,0,0,0),(4340,8,264,0,0,0,0),(4341,9,264,0,0,0,0),(4342,18,264,0,0,0,0),(4343,24,264,0,0,0,0),(4344,39,264,0,0,0,0),(4345,73,264,0,0,0,0),(4346,76,264,0,0,0,0),(4347,79,264,0,0,0,0),(4348,83,264,0,0,0,0),(4349,89,264,0,0,0,0),(4372,7,265,0,0,0,0),(4373,8,265,0,0,0,1),(4374,9,265,0,0,0,0),(4375,18,265,0,0,0,0),(4376,24,265,0,0,0,0),(4377,39,265,0,0,0,0),(4378,73,265,0,0,0,0),(4379,76,265,0,0,0,0),(4380,79,265,0,0,0,0),(4381,83,265,0,0,0,0),(4382,89,265,0,0,0,0),(4383,7,267,0,0,0,0),(4384,8,267,0,0,0,0),(4385,9,267,0,0,0,0),(4386,13,267,0,0,0,1),(4387,39,267,0,0,0,0),(4388,73,267,0,0,0,0),(4389,76,267,0,0,0,0),(4390,79,267,0,0,0,0),(4391,83,267,0,0,0,0),(4392,89,267,0,0,0,0),(4393,7,266,0,0,0,0),(4394,8,266,0,0,0,0),(4395,9,266,0,0,0,0),(4396,13,266,0,0,0,0),(4397,18,266,0,0,0,0),(4398,24,266,0,0,0,0),(4399,39,266,0,0,0,0),(4400,73,266,0,0,0,0),(4401,76,266,0,0,0,0),(4402,79,266,0,0,0,0),(4403,83,266,0,0,0,0),(4404,89,266,0,0,0,0),(4434,8,269,0,0,0,0),(4435,9,269,0,0,0,0),(4436,11,269,0,0,0,0),(4437,13,269,0,0,0,0),(4438,18,269,0,0,0,0),(4439,22,269,0,0,0,0),(4440,35,269,0,0,1,2),(4441,39,269,0,0,0,0),(4442,43,269,0,0,0,0),(4443,68,269,0,0,0,1),(4444,79,269,0,0,0,0),(4445,80,269,0,0,0,0),(4446,84,269,0,0,0,0),(4447,94,269,0,0,0,0),(4521,8,270,0,0,0,1),(4522,20,270,0,0,0,0),(4523,33,270,0,0,0,0),(4524,35,270,0,0,0,0),(4525,39,270,0,0,0,0),(4526,42,270,0,0,0,0),(4527,44,270,0,0,0,0),(4528,78,270,0,0,0,0),(4529,79,270,0,0,0,0),(4530,80,270,0,0,0,0),(4531,81,270,0,0,0,0),(4532,84,270,0,0,0,0),(4533,85,270,0,0,0,0),(4534,86,270,0,0,0,0),(4577,7,277,0,0,0,0),(4578,11,277,0,0,0,3),(4579,43,277,0,0,0,0),(4580,67,277,0,0,0,0),(4581,72,277,0,0,0,1),(4582,79,277,0,0,0,1),(4583,81,277,0,0,0,0),(4584,82,277,0,0,0,0),(4585,83,277,0,0,0,0),(4586,86,277,0,0,0,0),(4587,89,277,0,0,0,1),(4588,91,277,0,0,0,1),(4589,7,271,0,0,0,0),(4590,8,271,0,0,0,1),(4591,11,271,0,0,0,1),(4592,13,271,0,0,0,0),(4593,16,271,0,0,0,0),(4594,18,271,0,0,0,0),(4595,20,271,0,0,0,1),(4596,22,271,0,0,0,0),(4597,35,271,0,0,0,1),(4598,39,271,0,0,0,0),(4599,43,271,0,0,0,0),(4600,67,271,0,0,0,0),(4601,68,271,0,0,0,0),(4602,69,271,0,0,0,1),(4603,84,271,0,0,0,0),(4604,89,271,0,0,0,0),(4605,91,271,0,0,0,1),(4606,7,268,0,0,0,0),(4607,8,268,0,0,0,2),(4608,9,268,0,0,0,0),(4609,11,268,0,0,0,1),(4610,20,268,0,0,0,0),(4611,22,268,0,0,0,0),(4612,24,268,0,0,0,0),(4613,29,268,0,0,0,0),(4614,39,268,0,0,0,0),(4615,44,268,0,0,0,0),(4616,67,268,0,0,0,0),(4617,68,268,0,0,0,1),(4618,79,268,0,0,0,0),(4619,89,268,0,0,0,1),(4620,5,272,0,0,0,0),(4621,8,272,0,0,0,1),(4622,12,272,0,0,0,0),(4623,22,272,0,0,0,0),(4624,35,272,0,0,0,3),(4625,39,272,0,0,0,0),(4626,64,272,0,0,0,0),(4627,69,272,0,0,0,0),(4628,71,272,0,0,0,0),(4629,79,272,0,0,0,1),(4630,81,272,0,0,0,0),(4631,83,272,0,0,0,0),(4632,84,272,0,0,0,0),(4633,86,272,0,0,0,0),(4634,91,272,0,0,0,2),(4660,5,278,0,0,0,0),(4661,7,278,0,0,0,0),(4662,10,278,0,0,0,0),(4663,11,278,0,0,0,0),(4664,13,278,0,0,0,0),(4665,22,278,0,0,0,0),(4666,67,278,0,0,0,0),(4667,79,278,0,0,0,0),(4668,80,278,0,0,0,0),(4669,82,278,0,0,0,0),(4670,86,278,0,0,0,1),(4671,87,278,0,0,0,0),(4672,89,278,0,0,0,0),(4673,8,279,0,0,0,0),(4674,9,279,0,0,0,0),(4675,11,279,0,0,0,2),(4676,13,279,0,0,0,0),(4677,35,279,0,0,0,2),(4678,39,279,0,0,0,0),(4679,80,279,0,0,0,0),(4680,81,279,0,0,0,0),(4681,84,279,0,0,0,0),(4682,85,279,0,0,0,0),(4683,86,279,0,0,0,0),(4684,87,279,0,0,0,0),(4685,91,279,0,0,0,1),(4686,94,279,0,0,0,0),(4687,96,279,0,0,0,0),(4702,5,281,0,0,0,0),(4703,7,281,0,0,0,0),(4704,8,281,0,0,0,0),(4705,9,281,0,0,0,2),(4706,10,281,0,0,0,0),(4707,18,281,0,0,0,0),(4708,20,281,0,0,0,0),(4709,35,281,0,0,0,0),(4710,44,281,0,0,0,2),(4711,46,281,0,0,0,1),(4712,67,281,0,0,0,0),(4713,72,281,0,0,0,1),(4714,79,281,0,0,0,1),(4715,82,281,0,0,0,0),(4716,8,280,0,0,0,1),(4717,9,280,0,0,0,1),(4718,11,280,0,0,0,2),(4719,13,280,0,0,0,0),(4720,20,280,0,0,0,0),(4721,22,280,0,0,0,0),(4722,29,280,0,0,0,0),(4723,35,280,0,0,0,1),(4724,39,280,0,0,0,0),(4725,44,280,0,0,0,0),(4726,67,280,0,0,0,0),(4727,79,280,0,0,0,0),(4728,84,280,0,0,0,0),(4729,87,280,0,0,0,0),(4730,99,280,0,0,0,0),(4805,7,259,0,0,0,0),(4806,8,259,0,0,0,0),(4807,9,259,0,0,0,0),(4808,20,259,0,0,0,0),(4809,22,259,0,0,0,0),(4810,67,259,0,0,0,0),(4811,68,259,0,0,0,0),(4812,70,259,0,0,0,0),(4813,88,259,0,0,0,0),(4814,7,260,0,0,0,0),(4815,8,260,0,0,0,0),(4816,9,260,0,0,0,1),(4817,20,260,0,0,0,0),(4818,22,260,0,0,0,2),(4819,67,260,0,0,0,0),(4820,68,260,0,0,0,0),(4821,70,260,0,0,0,1),(4822,88,260,0,0,0,1),(4831,5,289,0,0,0,0),(4832,9,289,0,0,0,0),(4833,11,289,0,0,0,0),(4834,13,289,0,0,0,0),(4835,29,289,0,0,0,0),(4836,31,289,0,0,0,0),(4837,35,289,0,0,0,0),(4838,43,289,0,0,0,0),(4839,44,289,0,0,0,0),(4840,67,289,0,0,0,0),(4841,68,289,0,0,0,0),(4863,5,290,0,0,0,0),(4864,9,290,0,0,0,0),(4865,11,290,0,0,0,0),(4866,13,290,0,0,0,0),(4867,29,290,0,0,0,2),(4868,31,290,0,0,0,0),(4869,35,290,0,0,0,0),(4870,43,290,0,0,0,0),(4871,44,290,0,0,0,0),(4872,67,290,0,0,0,0),(4873,68,290,0,0,0,0),(4874,5,291,0,0,0,0),(4875,9,291,0,0,0,0),(4876,11,291,0,0,0,1),(4877,13,291,0,0,0,0),(4878,29,291,0,0,0,0),(4879,31,291,0,0,0,0),(4880,35,291,0,0,0,2),(4881,43,291,0,0,0,1),(4882,44,291,0,0,0,0),(4883,67,291,0,0,0,0),(4884,68,291,0,0,0,0),(4893,11,287,0,0,0,1),(4894,22,287,0,0,0,1),(4895,67,287,0,0,0,0),(4896,79,287,0,0,0,1),(4897,84,287,0,0,0,0),(4898,89,287,0,0,0,0),(4899,91,287,0,0,0,0),(4900,100,287,0,0,0,0),(4901,101,287,0,0,0,3),(4902,7,288,0,0,0,0),(4903,9,288,0,0,0,1),(4904,10,288,0,0,0,0),(4905,11,288,0,0,0,0),(4906,22,288,0,0,0,0),(4907,35,288,0,0,0,1),(4908,39,288,0,0,0,0),(4909,44,288,0,0,0,0),(4910,64,288,0,0,0,0),(4911,79,288,0,0,0,0),(4912,80,288,0,0,0,0),(4913,81,288,0,0,0,0),(4914,83,288,0,0,0,0),(4915,89,288,0,0,0,0),(4916,91,288,0,0,0,0),(4917,102,288,0,0,0,0),(4963,7,283,0,0,0,0),(4964,9,283,0,0,0,0),(4965,11,283,0,0,0,0),(4966,16,283,0,0,0,0),(4967,18,283,0,0,0,0),(4968,20,283,0,0,0,0),(4969,67,283,0,0,0,0),(4970,79,283,0,0,0,0),(4971,82,283,0,0,0,0),(4972,83,283,0,0,0,0),(4973,84,283,0,0,0,0),(4974,87,283,0,0,0,0),(4975,89,283,0,0,0,0),(4976,91,283,0,0,0,0),(4977,7,282,0,0,0,0),(4978,9,282,0,0,0,0),(4979,11,282,0,0,0,0),(4980,13,282,0,0,0,0),(4981,16,282,0,0,0,0),(4982,18,282,0,0,0,0),(4983,21,282,0,0,0,0),(4984,24,282,0,0,0,0),(4985,29,282,0,0,0,0),(4986,31,282,0,0,0,0),(4987,33,282,0,0,0,0),(4988,42,282,0,0,0,0),(4989,44,282,0,0,0,3),(4990,67,282,0,0,0,1),(4991,71,282,0,0,0,1),(4992,74,282,0,0,0,0),(4993,75,282,0,0,0,0),(4994,76,282,0,0,0,0),(4995,79,282,0,0,0,3),(4996,82,282,0,0,0,0),(4997,84,282,0,0,0,0),(4998,85,282,0,0,0,0),(4999,87,282,0,0,0,1),(5000,89,282,0,0,0,1),(5001,91,282,0,0,0,0),(5002,97,282,0,0,0,0),(5003,98,282,0,0,0,1),(5004,7,284,0,0,0,0),(5005,8,284,0,0,0,1),(5006,9,284,0,0,0,0),(5007,11,284,0,0,0,1),(5008,13,284,0,0,0,0),(5009,16,284,0,0,0,0),(5010,20,284,0,0,0,0),(5011,29,284,0,0,0,0),(5012,35,284,0,0,0,1),(5013,39,284,0,0,0,0),(5014,43,284,0,0,0,0),(5015,79,284,0,0,0,0),(5016,9,273,0,0,0,0),(5017,10,273,0,0,0,0),(5018,13,273,0,0,0,0),(5019,22,273,0,0,0,1),(5020,35,273,0,0,0,0),(5021,44,273,0,0,0,0),(5022,67,273,0,0,0,0),(5023,79,273,0,0,0,0),(5024,100,273,0,0,0,0),(5025,9,274,0,0,0,3),(5026,10,274,0,0,0,0),(5027,13,274,0,0,0,0),(5028,22,274,0,0,0,0),(5029,35,274,0,0,0,0),(5030,44,274,0,0,0,0),(5031,67,274,0,0,0,0),(5032,79,274,0,0,0,0),(5033,100,274,0,0,0,0),(5034,9,275,0,0,0,0),(5035,10,275,0,0,0,0),(5036,13,275,0,0,0,0),(5037,22,275,0,0,0,0),(5038,35,275,0,0,0,1),(5039,44,275,0,0,0,0),(5040,67,275,0,0,0,0),(5041,79,275,0,0,0,0),(5042,100,275,0,0,0,0),(5043,9,276,0,0,0,0),(5044,10,276,0,0,0,0),(5045,13,276,0,0,0,0),(5046,22,276,0,0,0,0),(5047,35,276,0,0,0,1),(5048,44,276,0,0,0,0),(5049,67,276,0,0,0,0),(5050,79,276,0,0,0,0),(5051,100,276,0,0,0,0);
/*!40000 ALTER TABLE `jos_fussball_spieler_spiel` ENABLE KEYS */;
UNLOCK TABLES;

--
-- Table structure for table `lm_article`
--

DROP TABLE IF EXISTS `lm_article`;
/*!40101 SET @saved_cs_client     = @@character_set_client */;
/*!40101 SET character_set_client = utf8 */;
CREATE TABLE `lm_article` (
  `id` int(11) unsigned NOT NULL AUTO_INCREMENT,
  `title` text CHARACTER SET latin1 NOT NULL,
  `content` mediumtext CHARACTER SET latin1 NOT NULL,
  `created` datetime NOT NULL DEFAULT CURRENT_TIMESTAMP,
  `modified` datetime NOT NULL ON UPDATE CURRENT_TIMESTAMP,
  PRIMARY KEY (`id`)
) ENGINE=InnoDB AUTO_INCREMENT=154 DEFAULT CHARSET=utf8;
/*!40101 SET character_set_client = @saved_cs_client */;

--
-- Dumping data for table `lm_article`
--

LOCK TABLES `lm_article` WRITE;
/*!40000 ALTER TABLE `lm_article` DISABLE KEYS */;
INSERT INTO `lm_article` VALUES (153,'Holthausen ist Meister 2015','<p>Der Holthausener Sportverein ist mit 30 Punkten Meister der Saison 2015 geworden. Damit ist dieser Ausrichter der Saison 2015.</p>\n','2016-01-02 15:43:41','2016-01-21 13:36:14');
/*!40000 ALTER TABLE `lm_article` ENABLE KEYS */;
UNLOCK TABLES;

--
-- Table structure for table `lm_document`
--

DROP TABLE IF EXISTS `lm_document`;
/*!40101 SET @saved_cs_client     = @@character_set_client */;
/*!40101 SET character_set_client = utf8 */;
CREATE TABLE `lm_document` (
  `id` int(11) NOT NULL AUTO_INCREMENT,
  `name` varchar(255) COLLATE latin1_german1_ci NOT NULL,
  `filename` varchar(255) COLLATE latin1_german1_ci NOT NULL,
  PRIMARY KEY (`id`)
) ENGINE=InnoDB AUTO_INCREMENT=19 DEFAULT CHARSET=latin1 COLLATE=latin1_german1_ci;
/*!40101 SET character_set_client = @saved_cs_client */;

--
-- Dumping data for table `lm_document`
--

LOCK TABLES `lm_document` WRITE;
/*!40000 ALTER TABLE `lm_document` DISABLE KEYS */;
INSERT INTO `lm_document` VALUES (4,'Historie','historie.html'),(11,'Kreispokal','ForwardPokal.html'),(16,'Richtlinien 2015','Richtlinien_2015_Cosmos.pdf'),(17,'Adressliste 2015','Adressliste 2015.pdf'),(18,'Spielbericht 2015','Spielbericht 2015.pdf');
/*!40000 ALTER TABLE `lm_document` ENABLE KEYS */;
UNLOCK TABLES;

--
-- Table structure for table `lm_guestbook`
--

DROP TABLE IF EXISTS `lm_guestbook`;
/*!40101 SET @saved_cs_client     = @@character_set_client */;
/*!40101 SET character_set_client = utf8 */;
CREATE TABLE `lm_guestbook` (
  `id` int(11) NOT NULL AUTO_INCREMENT,
  `name` varchar(255) COLLATE latin1_german1_ci DEFAULT NULL,
  `email` varchar(255) COLLATE latin1_german1_ci DEFAULT NULL,
  `message` text COLLATE latin1_german1_ci,
  `date` datetime DEFAULT NULL,
  PRIMARY KEY (`id`)
) ENGINE=InnoDB AUTO_INCREMENT=34 DEFAULT CHARSET=latin1 COLLATE=latin1_german1_ci;
/*!40101 SET character_set_client = @saved_cs_client */;

--
-- Dumping data for table `lm_guestbook`
--

LOCK TABLES `lm_guestbook` WRITE;
/*!40000 ALTER TABLE `lm_guestbook` DISABLE KEYS */;
INSERT INTO `lm_guestbook` VALUES (1,'Manni',NULL,'Hi, erster Testeintrag','2011-12-28 11:54:31'),(14,'Michael Raida',NULL,'Sehr, sehr schön :-)','2012-02-24 15:18:08'),(16,'Uwe','Au.sarau@gmx.de','Tolle vorbereitung von euch','2012-02-28 17:09:07'),(17,'Marius Schulze Beiering',NULL,'Hey, das habt ihr aber sehr schön gemacht! Ein dickes Lob im Vorhinein!! Sollte alles aktuell über die Dauer der Saison beibehalten werden gibt es noch ein dickes Lob im Nachhinein! Auf eine gute Saison....','2012-02-28 23:37:26'),(20,'Manni','manfred.rosskamp@gmx.de','Tag,\nhab mal eine Historie hinzugefügt. Die Infos stammen von der Cosmos Seite. Weiß jemand wer 2010 Torschützenkönig war?','2012-03-03 16:40:14'),(21,'Michael Warmers',NULL,'Hey zusammen!!\nEcht klasse die Seite, dickes lob an Holthausen(Manni)!\nHab übrigens gerade gehört das die Bröker Jungs dieses Jahr nicht mitspielen werden,schade!\nSchönes We noch Gruß Michael','2012-03-03 18:36:37'),(22,'M.Raida',NULL,'Glückwunsch an Cosmos zur Meisterschaft ! ! ! ','2012-09-20 10:22:04'),(23,'Massen','noebert.jaegering@borken.de','Betr. Torjäger: Marius Schulze Beiering und Marius Schulze sind meines Wissens ein und die selbe Person. Also kommt er auf 10 Tore. ','2012-09-20 17:22:02'),(24,'Präsi Böinghook','fcboeinghook@gmx.de','Hi Leute neuer ansprech partner vom FCBöinghook ist Jan-Gerth Niehaus ','2013-02-17 10:32:13'),(25,'holthausen',NULL,'nur zur info, der spieler d. holtkamp spielt für holthauen und nich für bieling,\nbitte in der torjägerliste ändern','2013-06-20 20:42:06'),(26,'M. Raida',NULL,'Was ist denn mit den ganzen Spielen, die noch nicht gespielt sind, aber laut Spielplan LÄNGST gespielt hätten sein sollen ? ? ? \nJeder Verein kann doch die Spieldaten selber ändern ! ! ! !','2013-08-16 16:45:36'),(27,'Daniel Lüdiger',NULL,'Alle Termine, die sich im Laufe der Zeit geändert haben, bitte eintragen. Sonst blickt hier keiner mehr druch. Werde nochmal ne Rundmal verfassen.','2013-08-20 08:47:35'),(28,'Michael R.',NULL,'Das klappt ja super ;-)\n','2013-09-03 15:42:52'),(29,'Daniel Lüdiger',NULL,'Hallo Fußballfreunde!\n\nDie Saison 2013 ist schon bald wieder Geschichte.\nZum Saisonabschluss am Samstag, 28. September 2013 möchten wir euch\nherzlich einladen. Um den neuen Meister bei einigen Bierchen mit seinen\nInsignien auszustatten, treffen wir uns um 20:00 Uhr in der Gaststätte\nAutohof in Weseke. (Wer ein Navy brauchen sollte: Hauptstraße 66, 46325\nBorken). Dort wird auch der Torschützenkönig der Saison geehrt.\n\nAuf euer zahlreiches Erscheinen freut sich\nFC Cosmos Weseke','2013-09-24 18:40:05'),(30,'Michael Raida / Holthausener SV','M.Raida@t-online.de','Guten Tag zusammen,\nzwei Termine für die kommende Saison unserer Hobbyliga:\nAm 22.01.14 findet um  19:30 am Platz von Fiat Gescher die Besprechung der Hobbyliga Ahaus statt.\nZu dieser sind auch wir eingeladen, weil es da u.a. auch um die Pokalrunde geht.\nDie Versammlung zu unsderer Hobbyligasaison findet am 17.02.14 um 19:30 Uhr in Holthausen (alte Schule) statt.\nEine Einladung hierzu folgt ab er noch.\nCiao M. Raida','2014-01-09 13:35:15'),(31,'Massen, FC Cosmos','norbert.jaegering@borken.de','Tach!\nIch bin der Meinung das die Spiele von/gegen SF Reken in der Torschützenliste nicht gestrichen werden sollten. Lasst dem Bücker, Haddick und sonst noch wer ihre Tore doch!\n','2014-09-09 17:48:50'),(32,'Frank','lachexperte@web.de','Das Team Lette veranstaltet jeweils an der Terminen Samstag 15.11 und Samstag 13.12 von jeweils 11.00UHR - ca.16.00UHR im Soccertreff Coesfeld ein Soccerhallenturnier für Freizeit + Betriebsmannschaften,falls Teams Intresse haben an einem der Soccerturniere teilzunehmen,,meldet euch für weitere Infos unter lachexperte@web.de','2014-10-28 19:09:17'),(33,'ssdf',NULL,'ASfret','2016-01-02 18:57:46');
/*!40000 ALTER TABLE `lm_guestbook` ENABLE KEYS */;
UNLOCK TABLES;

--
-- Temporary view structure for view `lm_locks`
--

DROP TABLE IF EXISTS `lm_locks`;
/*!50001 DROP VIEW IF EXISTS `lm_locks`*/;
SET @saved_cs_client     = @@character_set_client;
SET character_set_client = utf8;
/*!50001 CREATE VIEW `lm_locks` AS SELECT 
 1 AS `id`,
 1 AS `id_saison`,
 1 AS `id_match`,
 1 AS `firstname`,
 1 AS `lastname`,
 1 AS `team_name`,
 1 AS `date`*/;
SET character_set_client = @saved_cs_client;

--
-- Table structure for table `lm_match`
--

DROP TABLE IF EXISTS `lm_match`;
/*!40101 SET @saved_cs_client     = @@character_set_client */;
/*!40101 SET character_set_client = utf8 */;
CREATE TABLE `lm_match` (
  `id` int(11) NOT NULL AUTO_INCREMENT,
  `date` datetime NOT NULL,
  `description` text COLLATE latin1_german1_ci,
  `goal1` int(11) DEFAULT NULL,
  `goal2` int(11) DEFAULT NULL,
  `id_saison_team1` int(11) NOT NULL,
  `id_saison_team2` int(11) NOT NULL,
  `type` enum('TOURNAMENT','FRIEND') COLLATE latin1_german1_ci DEFAULT 'TOURNAMENT',
  PRIMARY KEY (`id`),
  KEY `fk_lm_spiel_lm_saison_mannschaft1` (`id_saison_team1`),
  KEY `fk_lm_spiel_lm_saison_mannschaft2` (`id_saison_team2`),
  CONSTRAINT `fk_lm_spiel_lm_saison_mannschaft1` FOREIGN KEY (`id_saison_team1`) REFERENCES `lm_saison_team` (`id`) ON DELETE NO ACTION ON UPDATE NO ACTION,
  CONSTRAINT `fk_lm_spiel_lm_saison_mannschaft2` FOREIGN KEY (`id_saison_team2`) REFERENCES `lm_saison_team` (`id`) ON DELETE NO ACTION ON UPDATE NO ACTION
) ENGINE=InnoDB AUTO_INCREMENT=192 DEFAULT CHARSET=latin1 COLLATE=latin1_german1_ci;
/*!40101 SET character_set_client = @saved_cs_client */;

--
-- Dumping data for table `lm_match`
--

LOCK TABLES `lm_match` WRITE;
/*!40000 ALTER TABLE `lm_match` DISABLE KEYS */;
INSERT INTO `lm_match` VALUES (1,'2012-09-10 19:00:00','<p><span style=\"font-family:Verdana;\"><font size=\"4\">?</font></span></p>',4,1,1,2,'TOURNAMENT'),(2,'2012-07-02 19:00:00','',6,1,1,3,'TOURNAMENT'),(3,'2012-09-19 18:45:00','',2,6,1,4,'TOURNAMENT'),(4,'2012-09-03 19:00:00','',2,5,1,5,'TOURNAMENT'),(6,'2012-09-24 19:00:00','',7,5,1,7,'TOURNAMENT'),(8,'2012-04-30 19:00:00','',2,1,2,1,'TOURNAMENT'),(9,'2012-05-23 19:00:00','',2,4,2,3,'TOURNAMENT'),(10,'2012-08-27 19:00:00','<p><span style=\"font-family:Verdana;\"><font size=\"4\">Eigentor von Cosmos<br /></font></span></p>',3,2,2,4,'TOURNAMENT'),(11,'2012-05-14 19:00:00','<p><span style=\"font-family:Verdana;\"><font size=\"4\"></font></span></p><p><font size=\"4\"><span style=\"font-family:Verdana;\"><font size=\"4\"><br /></font></span></font></p><p></p>',6,2,2,5,'TOURNAMENT'),(13,'2012-05-07 19:00:00','<p><span style=\"font-family:Verdana;\"><font size=\"4\"></font></span></p><p><font size=\"4\"><span style=\"font-family:Verdana;\"><br /></span></font></p><p></p>',6,5,2,7,'TOURNAMENT'),(15,'2012-04-23 19:00:00','<p><span style=\"font-family:Verdana;\"><font size=\"4\"><br /></font></span></p>',7,5,3,1,'TOURNAMENT'),(16,'2012-09-03 18:30:00','',1,3,3,2,'TOURNAMENT'),(17,'2012-06-20 19:00:00','',5,5,3,4,'TOURNAMENT'),(18,'2012-09-10 18:30:00','',3,2,3,5,'TOURNAMENT'),(20,'2012-06-25 19:00:00','',6,4,3,7,'TOURNAMENT'),(22,'2012-06-11 19:00:00','<p><span style=\"font-family:Verdana;\"><font size=\"4\">?</font></span></p>',5,3,4,1,'TOURNAMENT'),(23,'2012-07-07 12:00:00','<p><span style=\"font-family:Verdana;\"><font size=\"4\"></font></span></p><p><font size=\"4\"><span style=\"font-family:Verdana;\"><br /></span></font></p><p></p>',3,2,4,2,'TOURNAMENT'),(24,'2012-05-14 19:00:00','<p><span style=\"font-family:Verdana;\"><font size=\"4\"></font></span></p><p><font size=\"4\"><span style=\"font-family:Verdana;\"><br /></span></font></p><p></p>',2,1,4,3,'TOURNAMENT'),(25,'2012-09-15 15:00:00','',2,0,4,5,'TOURNAMENT'),(27,'2012-08-13 19:00:00','<p><span style=\"font-family:Verdana;\"><font size=\"4\">?Spiel wurde von Bieling abgesagt<br /></font></span></p>',2,0,4,7,'TOURNAMENT'),(29,'2012-05-30 19:00:00','<p><span style=\"font-family:Verdana;\"><font size=\"4\">?</font></span></p>',1,1,5,1,'TOURNAMENT'),(30,'2012-07-04 19:00:00','',3,2,5,2,'TOURNAMENT'),(31,'2012-06-29 19:00:00','',0,2,5,3,'TOURNAMENT'),(32,'2012-07-16 19:00:00','<p><span style=\"font-family:Verdana;\"><font size=\"4\">?Absage von Brinker wegen Leutemangel<br /></font></span></p>',0,2,5,4,'TOURNAMENT'),(34,'2012-07-30 19:00:00','',7,2,5,7,'TOURNAMENT'),(43,'2012-06-18 18:30:00','',3,7,7,1,'TOURNAMENT'),(44,'2012-08-06 19:00:00','',1,3,7,2,'TOURNAMENT'),(45,'2012-04-16 19:00:00','',2,7,7,3,'TOURNAMENT'),(46,'2012-05-21 19:00:00','',3,2,7,4,'TOURNAMENT'),(47,'2012-06-11 19:00:00','',5,2,7,5,'TOURNAMENT'),(48,'2013-05-15 19:00:00','<p><span style=\"font-family:Verdana;\"><font size=\"4\"></font></span></p><p><font size=\"4\"><span style=\"font-family:Verdana;\"><font size=\"4\"></font></span></font></p><p><font size=\"4\"><font size=\"4\"><font size=\"4\"><span><br /></span></font></font></font></p><p></p><p></p>',7,4,8,9,'TOURNAMENT'),(49,'2013-04-15 19:00:00','',2,1,8,10,'TOURNAMENT'),(50,'2013-09-04 19:00:00','<p><span style=\"font-family:Verdana;\"><font size=\"4\">?Torschützen HSV: 2 x Ludger Roßkamp</font></span></p><p><span style=\"font-family:Verdana;\"><font size=\"4\">                            1 x Chr. Thesing<br /></font></span></p>',3,1,8,11,'TOURNAMENT'),(51,'2013-09-25 19:00:00','',4,3,8,12,'TOURNAMENT'),(52,'2013-09-16 19:00:00','',10,0,8,13,'TOURNAMENT'),(53,'2013-09-23 18:30:00','<p><span style=\"font-family:Verdana;\"><font size=\"4\"></font></span></p><p><font size=\"4\"><span style=\"font-family:Verdana;\"><font size=\"4\"></font></span></font></p><br /><p></p><p></p>',2,2,9,8,'TOURNAMENT'),(54,'2013-09-02 19:00:00','',3,1,9,10,'TOURNAMENT'),(55,'2013-08-26 19:00:00','',7,1,9,11,'TOURNAMENT'),(56,'2013-09-18 19:00:00','',NULL,NULL,9,12,'TOURNAMENT'),(57,'2013-04-15 19:00:00','',10,4,9,13,'TOURNAMENT'),(58,'2013-06-24 19:00:00','',3,5,10,8,'TOURNAMENT'),(59,'2013-05-06 19:00:00','',4,2,10,9,'TOURNAMENT'),(60,'2013-09-23 18:30:00','',1,1,10,11,'TOURNAMENT'),(61,'2013-07-15 19:00:00','',3,3,10,12,'TOURNAMENT'),(62,'2013-07-22 19:00:00','',0,3,10,13,'TOURNAMENT'),(63,'2013-06-19 19:00:00','',1,6,11,8,'TOURNAMENT'),(64,'2013-06-12 19:00:00','',1,3,11,9,'TOURNAMENT'),(65,'2013-06-29 15:00:00','',3,2,11,10,'TOURNAMENT'),(66,'2013-09-16 18:30:00','',2,2,11,12,'TOURNAMENT'),(67,'2013-06-24 19:00:00','',8,4,11,13,'TOURNAMENT'),(68,'2013-04-24 19:00:00','<p><span style=\"font-family:Verdana;\"><font size=\"4\">?Tore HSV: Thomas Schwerhoff 2x<br /></font></span></p>',2,2,12,8,'TOURNAMENT'),(69,'2013-05-22 19:00:00','<p><span style=\"font-family:Verdana;\"><font size=\"4\"></font></span></p><p><font size=\"4\"><span style=\"font-family:Verdana;\"><font size=\"4\"></font></span></font></p><p></p>',1,2,12,9,'TOURNAMENT'),(70,'2013-06-17 19:00:00','',2,2,12,10,'TOURNAMENT'),(71,'2013-07-10 19:00:00','',3,1,12,11,'TOURNAMENT'),(72,'2013-09-02 19:00:00','',3,0,12,13,'TOURNAMENT'),(73,'2013-05-27 19:00:00','',2,9,13,8,'TOURNAMENT'),(74,'2013-06-04 00:00:00','',1,0,13,9,'TOURNAMENT'),(75,'2013-06-10 19:00:00','',5,4,13,10,'TOURNAMENT'),(76,'2013-05-13 19:00:00','',2,0,13,11,'TOURNAMENT'),(77,'2013-04-29 19:00:00','',5,5,13,12,'TOURNAMENT'),(79,'2014-05-05 19:00:00','',5,2,14,16,'TOURNAMENT'),(80,'2014-09-10 19:00:00','',3,4,14,17,'TOURNAMENT'),(81,'2014-09-03 19:00:00','',5,4,14,18,'TOURNAMENT'),(82,'2014-08-18 19:00:00','',2,1,14,19,'TOURNAMENT'),(88,'2014-07-02 19:00:00','',5,1,16,14,'TOURNAMENT'),(90,'2014-08-25 19:00:00','',3,3,16,17,'TOURNAMENT'),(91,'2014-06-30 18:30:00','',3,3,16,18,'TOURNAMENT'),(92,'2014-06-23 19:00:00','',9,0,16,19,'TOURNAMENT'),(93,'2014-05-19 19:00:00','',8,0,17,14,'TOURNAMENT'),(95,'2014-09-08 19:00:00','',2,2,17,16,'TOURNAMENT'),(96,'2014-06-23 19:00:00','',3,4,17,18,'TOURNAMENT'),(97,'2014-07-02 19:00:00','<p><span style=\"font-family:Verdana;\"><font size=\"4\">2. Torschütze Bieling: Arjen Torwesten?<br />?</font></span></p>',9,2,17,19,'TOURNAMENT'),(98,'2014-06-11 19:00:00','',2,6,18,14,'TOURNAMENT'),(100,'2014-07-09 19:00:00','',1,3,18,16,'TOURNAMENT'),(101,'2014-09-22 18:30:00','<br />',1,4,18,17,'TOURNAMENT'),(102,'2014-05-21 19:00:00','',11,1,18,19,'TOURNAMENT'),(103,'2014-04-14 18:30:00','',0,5,19,14,'TOURNAMENT'),(105,'2014-07-07 19:00:00','<br />',1,0,19,16,'TOURNAMENT'),(106,'2014-09-01 19:00:00','<p><span style=\"font-family:Verdana;\"><font size=\"4\"></font></span></p><p><font size=\"4\"><span style=\"font-family:Verdana;\"><font size=\"4\"><br /></font></span></font></p><p></p>',2,4,19,17,'TOURNAMENT'),(107,'2014-08-04 19:00:00','',1,4,19,18,'TOURNAMENT'),(150,'2015-07-29 19:00:00','',7,4,20,21,'TOURNAMENT'),(151,'2015-09-21 19:00:00','',NULL,NULL,20,22,'TOURNAMENT'),(152,'2015-04-27 19:00:00','',5,3,20,23,'TOURNAMENT'),(153,'2015-05-27 19:00:00','',2,4,20,24,'TOURNAMENT'),(154,'2015-06-10 19:00:00','',5,2,20,25,'TOURNAMENT'),(155,'2015-08-03 19:00:00','<p><span style=\"font-family:Verdana;\"><font size=\"4\">?</font></span></p>',5,0,20,26,'TOURNAMENT'),(156,'2015-04-08 19:00:00','',3,4,21,20,'TOURNAMENT'),(157,'2015-05-20 19:00:00','',0,3,21,22,'TOURNAMENT'),(158,'2015-06-17 19:00:00','<p><span style=\"font-family:Verdana;\"><font size=\"4\"><br />?</font></span></p>',1,2,21,23,'TOURNAMENT'),(159,'2015-05-06 19:00:00','',3,5,21,24,'TOURNAMENT'),(160,'2015-05-09 12:00:00','',10,0,21,25,'TOURNAMENT'),(161,'2015-09-09 19:00:00','',NULL,NULL,21,26,'TOURNAMENT'),(162,'2015-09-14 18:30:00','',NULL,NULL,22,20,'TOURNAMENT'),(163,'2015-07-02 19:00:00','',3,3,22,21,'TOURNAMENT'),(164,'2015-06-22 19:00:00','',7,1,22,23,'TOURNAMENT'),(165,'2015-06-29 19:00:00','',2,1,22,24,'TOURNAMENT'),(166,'2015-05-04 19:00:00','',6,0,22,25,'TOURNAMENT'),(167,'2015-07-06 19:00:00','',8,2,22,26,'TOURNAMENT'),(168,'2015-07-08 19:00:00','<p><span style=\"font-family:Verdana;\"><font size=\"4\"></font></span></p><p></p>',4,9,23,20,'TOURNAMENT'),(169,'2015-08-26 19:00:00','',8,0,23,21,'TOURNAMENT'),(170,'2015-09-07 19:00:00','',NULL,NULL,23,22,'TOURNAMENT'),(171,'2015-05-18 19:00:00','',2,3,23,24,'TOURNAMENT'),(172,'2015-06-15 19:00:00','',2,2,23,25,'TOURNAMENT'),(173,'2015-07-27 19:00:00','',NULL,NULL,23,26,'TOURNAMENT'),(174,'2015-08-26 19:00:00','<p><b>Super</b> spannendes Spiel bis zum 1:0.</p>',0,3,24,20,'TOURNAMENT'),(175,'2015-05-02 12:00:00',NULL,NULL,NULL,24,21,'TOURNAMENT'),(176,'2015-06-17 19:00:00','',4,2,24,22,'TOURNAMENT'),(177,'2015-08-03 19:00:00','',NULL,NULL,24,23,'TOURNAMENT'),(178,'2015-04-07 13:29:00','',8,1,24,25,'TOURNAMENT'),(179,'2015-07-20 19:00:00','',9,0,24,26,'TOURNAMENT'),(180,'2015-08-20 19:00:00','',1,7,25,20,'TOURNAMENT'),(181,'2015-05-05 13:29:00',NULL,NULL,NULL,25,21,'TOURNAMENT'),(182,'2015-06-25 19:00:00','',0,3,25,22,'TOURNAMENT'),(183,'2015-09-03 19:00:00','',1,1,25,23,'TOURNAMENT'),(184,'2015-04-11 12:00:00',NULL,NULL,NULL,25,24,'TOURNAMENT'),(185,'2015-09-17 19:00:00','',NULL,NULL,25,26,'TOURNAMENT'),(186,'2015-06-08 19:00:00','',NULL,NULL,26,20,'TOURNAMENT'),(187,'2015-06-24 19:00:00','<p><span style=\"font-family:Verdana;\"><font size=\"4\"><br />?</font></span></p>',3,5,26,21,'TOURNAMENT'),(188,'2015-04-27 19:00:00','',0,10,26,22,'TOURNAMENT'),(189,'2015-09-02 19:00:00','',7,1,26,23,'TOURNAMENT'),(190,'2015-06-01 19:00:00','',2,9,26,24,'TOURNAMENT'),(191,'2015-05-28 12:00:00','',NULL,NULL,26,25,'TOURNAMENT');
/*!40000 ALTER TABLE `lm_match` ENABLE KEYS */;
UNLOCK TABLES;

--
-- Temporary view structure for view `lm_matches`
--

DROP TABLE IF EXISTS `lm_matches`;
/*!50001 DROP VIEW IF EXISTS `lm_matches`*/;
SET @saved_cs_client     = @@character_set_client;
SET character_set_client = utf8;
/*!50001 CREATE VIEW `lm_matches` AS SELECT 
 1 AS `id`,
 1 AS `date`,
 1 AS `description`,
 1 AS `goal1`,
 1 AS `goal2`,
 1 AS `team1_id`,
 1 AS `team1_name`,
 1 AS `team2_id`,
 1 AS `team2_name`,
 1 AS `saison_id`,
 1 AS `saison_name`*/;
SET character_set_client = @saved_cs_client;

--
-- Temporary view structure for view `lm_play_table`
--

DROP TABLE IF EXISTS `lm_play_table`;
/*!50001 DROP VIEW IF EXISTS `lm_play_table`*/;
SET @saved_cs_client     = @@character_set_client;
SET character_set_client = utf8;
/*!50001 CREATE VIEW `lm_play_table` AS SELECT 
 1 AS `id_saison`,
 1 AS `id`,
 1 AS `name`,
 1 AS `icon`,
 1 AS `homepage`,
 1 AS `match_count`,
 1 AS `shoot`,
 1 AS `got`,
 1 AS `wins`,
 1 AS `stand_off`*/;
SET character_set_client = @saved_cs_client;

--
-- Table structure for table `lm_player`
--

DROP TABLE IF EXISTS `lm_player`;
/*!40101 SET @saved_cs_client     = @@character_set_client */;
/*!40101 SET character_set_client = utf8 */;
CREATE TABLE `lm_player` (
  `id` int(11) NOT NULL AUTO_INCREMENT,
  `id_team` int(11) NOT NULL,
  `firstname` varchar(255) COLLATE latin1_german1_ci DEFAULT NULL,
  `lastname` varchar(255) COLLATE latin1_german1_ci DEFAULT NULL,
  `nickname` varchar(45) COLLATE latin1_german1_ci DEFAULT NULL,
  `hoeherALiga` tinyint(1) DEFAULT NULL,
  `count_goals` int(11) unsigned DEFAULT '0' COMMENT 'Gibt die Anzahl Tore an vor 2012',
  `count_games` int(11) unsigned DEFAULT '0' COMMENT 'Anzahl Spiele vor 2012',
  PRIMARY KEY (`id`),
  KEY `fk_lm_spieler_lm_mannschaft1` (`id_team`),
  CONSTRAINT `fk_lm_spieler_lm_mannschaft1` FOREIGN KEY (`id_team`) REFERENCES `lm_team` (`id`) ON DELETE NO ACTION ON UPDATE NO ACTION
) ENGINE=InnoDB AUTO_INCREMENT=252 DEFAULT CHARSET=latin1 COLLATE=latin1_german1_ci;
/*!40101 SET character_set_client = @saved_cs_client */;

--
-- Dumping data for table `lm_player`
--

LOCK TABLES `lm_player` WRITE;
/*!40000 ALTER TABLE `lm_player` DISABLE KEYS */;
INSERT INTO `lm_player` VALUES (9,3,'Norbert','Roßkamp','Rossi',NULL,124,629),(12,9,'St.','Tenk',NULL,NULL,0,0),(13,9,'J.','Peters',NULL,NULL,0,0),(14,5,'Henning','Klöcker',NULL,NULL,0,0),(15,5,'Max','Tesing',NULL,NULL,0,0),(16,5,'David','Bleker',NULL,NULL,0,0),(17,5,'Marius','Schulze Beiering',NULL,NULL,0,0),(18,5,'Tobias','Lütjann',NULL,NULL,0,0),(19,5,'Dennis','Lütjann',NULL,NULL,0,0),(20,5,'Benedikt','Lensing',NULL,NULL,0,0),(21,3,'Carsten','Thiehoff',NULL,NULL,21,32),(22,3,'Thomas','Schwerhoff',NULL,NULL,95,228),(23,4,'Michael','Stienen',NULL,NULL,0,0),(24,3,'Benedikt','Sicking',NULL,NULL,116,275),(25,4,'Pascal','Stasch',NULL,NULL,0,0),(26,4,'Reinhard','Boer',NULL,NULL,0,0),(27,4,'Manuel','Güttler',NULL,NULL,0,0),(28,4,'Michael','Bösing',NULL,NULL,0,0),(29,9,'Lukas','Kremer',NULL,NULL,0,0),(33,9,'T.','Schüttert',NULL,NULL,0,0),(34,9,'H','Flinkert',NULL,NULL,0,0),(35,6,'Jan','Gesing',NULL,NULL,0,0),(36,6,'Pascal','Herzog',NULL,NULL,0,0),(37,4,'Daniel','Schlecking',NULL,NULL,0,0),(38,7,'Dominik','Sievers',NULL,NULL,0,0),(39,9,'Thomas','Tenk',NULL,NULL,0,0),(40,6,'Patrick','Herzog',NULL,NULL,0,0),(41,6,'Achim','Schlüter',NULL,NULL,0,0),(42,6,'Andreas','Klein-Ridder',NULL,NULL,0,0),(43,4,'Olli','Vaut',NULL,NULL,0,0),(44,4,'Rudiger','Schmidt',NULL,NULL,0,0),(45,5,'Mark','Hellenkamp',NULL,NULL,0,0),(47,4,'Marius','Lütjann',NULL,NULL,0,0),(48,6,'Andre','Stenert',NULL,NULL,0,0),(49,6,'F.','Meisel',NULL,NULL,0,0),(50,9,'Hendrik','Mümken',NULL,NULL,0,0),(51,9,'Christian','Tenkamp',NULL,NULL,0,0),(52,9,'Andre','Tenkamp',NULL,NULL,0,0),(53,3,'Dennis','Selting',NULL,NULL,10,11),(54,3,'Manfred','Roßkamp','Manni',NULL,45,278),(57,6,'Sebastian','Ebbing',NULL,NULL,0,0),(59,9,'Michael','Tenk',NULL,NULL,0,0),(60,5,'Benny','Ehning',NULL,NULL,0,0),(61,3,'Sebastian','Tegelkamp',NULL,NULL,2,11),(62,5,'Yannik','Hellenkamp',NULL,NULL,0,0),(63,7,'Michael','Warmers',NULL,NULL,0,0),(64,7,'Andy','Kösters',NULL,NULL,0,0),(65,7,'Wansing','Michael',NULL,NULL,0,0),(66,4,'Stefan','Nienhaus',NULL,NULL,0,0),(68,4,'Christian','Gerwert',NULL,NULL,0,0),(69,7,'Haddick','Bernd',NULL,NULL,0,0),(70,7,'Christoph ','Ebbing',NULL,NULL,0,0),(71,9,'Jan','Peters',NULL,NULL,0,0),(72,4,'C.','Böttcher',NULL,NULL,0,0),(73,4,'Dominik','Stengenhoff',NULL,NULL,0,0),(74,4,'R.','Richhoff',NULL,NULL,0,0),(75,6,'Sebastian','Kamperschroer',NULL,NULL,0,0),(76,7,'Christoph','Lütjann',NULL,NULL,0,0),(77,7,'Andreas','Elsing',NULL,NULL,0,0),(78,7,'Dirk','Terhechte',NULL,NULL,0,0),(79,3,'Christian','Thesing',NULL,NULL,57,231),(80,7,'Markus','Diekmann',NULL,NULL,0,0),(81,6,'Brian','Terfrüchte',NULL,NULL,0,0),(82,3,'Steffen','Uphues',NULL,NULL,8,23),(83,3,'Christian','Schlattmann',NULL,NULL,5,48),(84,3,'Aljoscha','Kamp','Joschi',NULL,57,79),(85,5,'Marius','Schulze',NULL,NULL,0,0),(86,4,'Tobias','Terlau',NULL,NULL,0,0),(87,4,'Jonas','Heiming',NULL,NULL,0,0),(88,4,'Thomas','Niewerth',NULL,NULL,0,0),(89,9,'H.','Lübbering',NULL,NULL,0,0),(90,7,'Christoph','Ebbing',NULL,NULL,0,0),(91,3,'Kai','Grevenbrock',NULL,NULL,0,0),(92,3,'Eigentor','',NULL,NULL,0,0),(93,4,'Dominik','Sengenhorst',NULL,NULL,0,0),(94,9,'D.','Holtkamp',NULL,NULL,0,0),(95,9,'St,','Hoging',NULL,NULL,0,0),(96,9,'','',NULL,NULL,0,0),(97,3,'Lukas','Uphues',NULL,NULL,0,1),(98,3,'St.','Hoging',NULL,NULL,0,0),(99,5,'F.','Lütjann',NULL,NULL,0,0),(100,5,'J.','Klöcker',NULL,NULL,0,0),(101,5,'Jan','Meiners',NULL,NULL,0,0),(102,3,'Stefan','Hüging',NULL,NULL,141,384),(103,3,'Christian','Brengenberg',NULL,NULL,0,3),(104,3,'Carsten','Deppe','',NULL,308,529),(105,6,'NiklasVorfeld','',NULL,NULL,0,0),(106,6,'Jan','Zimmermann',NULL,NULL,0,0),(107,6,'Christian','Lüdiger',NULL,NULL,0,0),(108,6,'Nikals','Vorfeld',NULL,NULL,0,0),(109,9,'Jan','',NULL,NULL,0,0),(110,9,'J.','Zimmermann',NULL,NULL,0,0),(111,6,'Niklas','Vorfeld',NULL,NULL,0,0),(112,3,'Daniel','Holtkamp',NULL,NULL,13,242),(113,3,'Michael','Raida',NULL,NULL,31,287),(114,3,'Friderich','Schulze Holthausen',NULL,NULL,1,20),(115,7,'Christoph','',NULL,NULL,0,0),(116,7,'Dennis','Schweers',NULL,NULL,0,0),(117,3,'Ludger','Roßkamp',NULL,NULL,1,81),(118,4,'Raphael','Löbbing',NULL,NULL,0,0),(119,7,'Ludger','Börger',NULL,NULL,0,0),(120,3,'Lukas','Brokamp',NULL,NULL,0,0),(122,9,'Simon','Gravermann',NULL,NULL,0,0),(123,4,'Sebastian','Trautmann',NULL,NULL,0,0),(124,7,'Stefan','Bücker',NULL,NULL,0,0),(125,7,'Michael','Elsing',NULL,NULL,0,0),(126,7,'Christian','Elsing',NULL,NULL,0,0),(127,7,'Bernd','Haddick',NULL,NULL,0,0),(128,4,'Dave','Marnold',NULL,NULL,0,0),(129,4,'Marco','Bröker',NULL,NULL,0,0),(130,6,'Pascal','Schlottbohm',NULL,NULL,0,0),(131,3,'Lukas','Robert',NULL,NULL,13,149),(132,3,'Bernd','Sunderhaus',NULL,NULL,0,0),(133,7,'Florian','Lindenbuss',NULL,NULL,0,0),(134,7,'Marcus','Büscher',NULL,NULL,0,0),(135,7,'Denis','Schweers',NULL,NULL,0,0),(136,5,'Robin','Ring',NULL,NULL,0,0),(137,5,'Oliver','Nünning',NULL,NULL,0,0),(138,5,'Jan','Ista',NULL,NULL,0,0),(139,5,'Michael','Heistermann',NULL,NULL,0,0),(140,7,'David','Schüring',NULL,NULL,0,0),(141,7,'Eigentor','Klein',NULL,NULL,0,0),(142,6,'Maher','El',NULL,NULL,0,0),(143,7,'Leon','Eming',NULL,NULL,0,0),(144,7,'Alexander','Sühling',NULL,NULL,0,0),(145,6,'Max','Becker',NULL,NULL,0,0),(146,6,'Michael','Linfert',NULL,NULL,0,0),(147,6,'Dennis','Kamp',NULL,NULL,0,0),(148,9,'Joscha','',NULL,NULL,0,0),(149,6,'D.','Urbanski',NULL,NULL,0,0),(150,6,'J.','Rottstegge',NULL,NULL,0,0),(151,6,'M.','Krüger',NULL,NULL,0,0),(152,7,'Jannert','Patrick',NULL,NULL,0,0),(153,7,'Elsing','Christian',NULL,NULL,0,0),(154,7,'Büscher','Marcus',NULL,NULL,0,0),(155,7,'Eming','Leon',NULL,NULL,0,0),(156,7,'Terhechte','Dirk',NULL,NULL,0,0),(157,8,'Niehues,','Jan',NULL,NULL,0,0),(159,3,'Sicking','Benedikt',NULL,NULL,0,0),(161,3,'Bernd','Trepmann',NULL,NULL,0,6),(162,6,'Herzog','Pascal',NULL,NULL,0,0),(164,4,'Gerwert','Christian',NULL,NULL,0,0),(165,4,'Hellenkamp','Christopher',NULL,NULL,0,0),(166,4,'Stiene','Andre',NULL,NULL,0,0),(168,3,'Uphues','Steffen',NULL,NULL,0,0),(169,4,'Suttrup','Achim',NULL,NULL,0,0),(170,4,'Marnold','Dave',NULL,NULL,0,0),(171,4,'Stienen','Michael',NULL,NULL,0,0),(172,7,'Eming','Leon',NULL,NULL,0,0),(173,7,'Alscher','Matthias',NULL,NULL,0,0),(174,7,'Elsing','Christian',NULL,NULL,0,0),(175,7,'Bücker','Stephan',NULL,NULL,0,0),(176,4,'Mecking','Tristan',NULL,NULL,0,0),(177,4,'Karmann','Christoph',NULL,NULL,0,0),(178,4,'Schleking','Daniel',NULL,NULL,0,0),(179,5,'Jonas','Klöcker',NULL,NULL,0,0),(180,5,'Kevin','Juch',NULL,NULL,0,0),(181,5,'Tim','Winking',NULL,NULL,0,0),(182,5,'Felix','Lütjann',NULL,NULL,0,0),(183,7,'Warmers','Michael',NULL,NULL,0,0),(184,5,'Rene','Wellermann',NULL,NULL,0,0),(185,3,'Ivo','Schulz',NULL,NULL,0,0),(187,7,'Gesing','Hendrik',NULL,NULL,0,0),(188,5,'Alexander','Schlüter',NULL,NULL,0,0),(189,5,'Jan','Winking',NULL,NULL,0,0),(190,6,'Nils','Sterken',NULL,NULL,0,0),(191,6,'Simon','Schmitz',NULL,NULL,0,0),(192,6,'Fabian','Brettschneider',NULL,NULL,0,0),(193,8,'L.','Wendholt',NULL,NULL,0,0),(194,8,'M.','Müggenborg',NULL,NULL,0,0),(195,8,'Christian','Neumann',NULL,NULL,0,0),(196,9,'Franz','Kremer',NULL,NULL,0,0),(197,9,'Hendrik','Flinkert',NULL,NULL,0,0),(198,9,'Andre','Warmers',NULL,NULL,0,0),(199,5,'Tim','Riemenschneider',NULL,NULL,0,0),(200,5,'Simon','Ladenberger',NULL,NULL,0,0),(201,5,'Niclas','Schulten',NULL,NULL,0,0),(202,5,'Nils','Lünenborg',NULL,NULL,0,0),(203,3,'Jonas','Pöpping',NULL,NULL,0,0),(205,6,'Marc','Schulz',NULL,NULL,0,0),(206,6,'Lennart','Jägering',NULL,NULL,0,0),(207,8,'Jens','Rottstegge',NULL,NULL,0,0),(208,3,'C.','Ernst',NULL,NULL,0,0),(209,3,'F.','Klose',NULL,NULL,0,0),(210,3,'Hendrik','Strump',NULL,NULL,0,6),(211,4,'Chris','Karmann',NULL,NULL,0,0),(212,4,'Benjamin','Seier',NULL,NULL,0,0),(213,4,'Achim','Suttrup',NULL,NULL,0,0),(214,7,'Börger','Ludger',NULL,NULL,0,0),(215,7,'Lütjann','Christoph',NULL,NULL,0,0),(216,9,'Philipp','Schulz',NULL,NULL,0,0),(217,9,'Arjen','Torwesten',NULL,NULL,0,0),(219,3,'Stefan','Thesing',NULL,NULL,10,56),(220,3,'Sebastian','Sieverding',NULL,NULL,136,315),(221,8,'Fabian','Heisterkamp',NULL,NULL,0,0),(222,6,'Johann','Heynck',NULL,NULL,0,0),(223,3,'Alex',NULL,'Alex',NULL,0,2),(224,3,'Alexander','Kerkhoff',NULL,NULL,20,218),(225,3,'Bernhard','Enning','Ente',NULL,0,15),(226,3,'Christian','Selting',NULL,NULL,0,22),(227,3,'Dennis','Kamp',NULL,NULL,10,22),(228,3,'Frank','Sühling',NULL,NULL,1,6),(229,3,'Hartmut','Holtkamp',NULL,NULL,0,4),(230,3,'Heiner','Sunderhaus',NULL,NULL,4,22),(231,3,'Heino','Strump',NULL,NULL,0,4),(232,3,'Hendrik','Dirking',NULL,NULL,1,73),(233,3,'Ingo','Thiesing',NULL,NULL,1,82),(234,3,'Jan','Storks',NULL,NULL,2,104),(235,3,'Johannes','Schulze Holthausen',NULL,NULL,0,4),(236,3,'Jürgen','Roßkamp',NULL,NULL,2,94),(237,3,'Kevin','Meierdierks',NULL,NULL,2,5),(238,3,'Lars','Bröring',NULL,NULL,0,1),(240,3,'Marcel','Kaiser',NULL,NULL,3,4),(241,3,'Marco','Korte',NULL,NULL,3,5),(242,3,'Marius','Grevelhorst',NULL,NULL,0,1),(243,3,'Markus','Eichhorn','Ike',NULL,47,325),(244,3,'Markus','Sparwel',NULL,NULL,0,1),(245,3,'Markus','Wobbling',NULL,NULL,0,5),(246,3,'Michael','Schlottbom',NULL,NULL,10,31),(247,3,'Michael','Trepmann',NULL,NULL,1,55),(248,3,'Patrick','Schlautmann',NULL,NULL,35,78),(249,3,'Philiph Espen','Willer',NULL,NULL,0,2),(250,3,'Philipp','Baumeister',NULL,NULL,4,8),(251,3,'Rainer','Hövelbrinks',NULL,NULL,4,183);
/*!40000 ALTER TABLE `lm_player` ENABLE KEYS */;
UNLOCK TABLES;

--
-- Table structure for table `lm_player_match`
--

DROP TABLE IF EXISTS `lm_player_match`;
/*!40101 SET @saved_cs_client     = @@character_set_client */;
/*!40101 SET character_set_client = utf8 */;
CREATE TABLE `lm_player_match` (
  `id` int(11) NOT NULL AUTO_INCREMENT,
  `id_match` int(11) NOT NULL,
  `id_saison_player` int(11) NOT NULL,
  `hasRedCard` tinyint(1) DEFAULT NULL,
  `hasYellowCard` tinyint(1) DEFAULT NULL,
  `hasYellowRedCard` tinyint(1) DEFAULT NULL,
  `goals` int(11) DEFAULT NULL,
  PRIMARY KEY (`id`),
  KEY `idx_match` (`id_match`),
  KEY `idx_saison_player` (`id_saison_player`),
  CONSTRAINT `fk_match_in_player_match` FOREIGN KEY (`id_match`) REFERENCES `lm_match` (`id`),
  CONSTRAINT `fk_saison_player_in_player_match` FOREIGN KEY (`id_saison_player`) REFERENCES `lm_saison_player` (`id`) ON DELETE NO ACTION ON UPDATE NO ACTION
) ENGINE=InnoDB AUTO_INCREMENT=550 DEFAULT CHARSET=latin1 COLLATE=latin1_german1_ci;
/*!40101 SET character_set_client = @saved_cs_client */;

--
-- Dumping data for table `lm_player_match`
--

LOCK TABLES `lm_player_match` WRITE;
/*!40000 ALTER TABLE `lm_player_match` DISABLE KEYS */;
INSERT INTO `lm_player_match` VALUES (13,45,9,0,0,0,1),(14,45,10,0,0,0,1),(15,45,11,0,0,0,2),(16,45,12,0,0,0,1),(17,45,13,0,0,0,2),(18,45,14,0,0,0,2),(19,15,15,0,0,0,2),(20,15,14,0,0,0,2),(21,15,16,0,0,0,1),(22,15,17,0,0,0,2),(23,15,18,0,0,0,4),(24,15,19,0,0,0,1),(25,8,20,0,0,0,2),(26,8,21,0,0,0,1),(27,13,22,0,0,0,1),(28,13,23,0,0,0,2),(29,13,24,0,0,0,1),(30,13,25,0,0,0,1),(31,13,20,0,0,0,1),(32,13,26,0,0,0,3),(34,13,30,1,0,0,0),(36,13,31,0,0,0,2),(37,24,32,0,0,0,1),(38,24,33,0,0,0,1),(39,24,15,0,0,0,1),(40,11,20,0,0,0,5),(41,11,34,0,0,0,1),(42,11,35,0,0,0,2),(43,46,36,0,0,0,1),(44,46,26,0,0,0,2),(45,46,33,0,0,1,0),(46,46,37,0,0,1,0),(47,46,38,0,0,0,1),(48,46,39,0,0,0,1),(49,9,40,1,0,0,0),(50,9,20,0,0,0,2),(51,9,41,1,0,0,0),(52,9,42,0,0,0,1),(53,9,16,0,0,1,1),(54,9,15,0,0,0,1),(55,9,11,0,0,0,1),(56,9,44,0,0,1,0),(57,29,35,0,0,0,1),(58,29,21,0,0,0,1),(59,22,45,0,0,0,2),(60,22,46,0,0,0,1),(61,22,33,0,0,0,2),(62,22,21,0,0,0,2),(63,22,19,0,0,0,1),(64,47,47,0,0,0,1),(65,47,31,0,0,0,2),(66,47,48,0,0,0,2),(67,47,35,0,0,0,2),(68,43,48,0,0,0,1),(69,43,31,0,0,0,1),(70,43,49,0,0,0,1),(71,43,18,0,0,0,1),(72,43,21,0,0,0,1),(73,43,19,0,0,0,1),(74,43,50,0,0,0,1),(75,43,51,0,0,0,3),(76,17,14,0,0,0,2),(77,17,15,0,0,0,3),(78,17,32,0,0,0,1),(79,17,33,0,0,0,2),(80,17,39,0,0,0,1),(81,17,54,0,0,0,1),(82,20,13,0,0,0,3),(83,20,14,0,0,0,3),(84,20,36,0,0,0,3),(85,20,56,0,0,0,1),(86,31,14,0,0,0,1),(87,31,57,0,0,0,1),(88,2,21,0,0,0,1),(89,2,18,0,0,0,1),(90,2,19,0,0,0,1),(91,2,58,0,0,0,1),(92,2,50,0,0,0,2),(93,2,59,0,0,0,1),(94,30,60,0,0,0,1),(95,30,61,0,0,0,1),(96,30,62,0,0,0,1),(97,30,20,0,0,0,1),(98,30,63,0,0,0,1),(99,23,33,0,0,0,2),(100,23,45,0,0,0,1),(101,23,25,0,0,0,1),(103,23,65,0,0,0,1),(104,34,66,0,0,0,2),(105,34,62,0,0,0,2),(106,34,67,0,0,0,2),(107,34,61,0,0,0,1),(108,34,68,0,0,0,2),(109,44,68,0,0,0,1),(110,44,23,0,0,0,1),(111,44,41,0,0,0,1),(112,44,69,0,0,0,1),(113,10,70,0,0,0,1),(114,10,69,0,0,0,1),(115,10,71,0,0,0,1),(116,10,72,0,0,0,1),(117,4,73,0,0,0,2),(118,4,35,0,0,0,1),(119,4,74,0,0,0,1),(120,4,75,0,0,0,1),(121,16,42,0,0,0,1),(122,16,34,0,0,0,1),(123,16,20,0,0,0,1),(124,16,65,0,0,0,1),(125,4,76,0,0,0,2),(126,18,13,0,0,0,1),(127,18,42,0,0,0,1),(128,18,77,0,0,0,1),(129,18,74,0,0,0,1),(130,18,78,0,0,0,1),(131,1,58,0,0,0,1),(132,1,19,0,0,0,2),(133,1,18,0,0,0,1),(134,1,20,0,0,0,1),(135,25,72,0,0,0,1),(136,25,39,0,0,0,1),(137,3,21,0,0,0,1),(138,3,19,0,0,0,1),(139,3,37,0,0,0,1),(140,3,46,0,0,0,1),(141,3,33,0,0,0,2),(142,3,79,0,0,0,1),(143,6,18,0,0,0,1),(144,6,76,0,0,0,2),(145,6,80,0,0,0,2),(146,6,81,0,0,0,1),(147,6,50,0,0,0,1),(148,6,56,0,0,0,2),(149,6,26,0,0,0,3),(150,49,147,0,0,0,1),(151,49,89,0,0,0,1),(152,49,148,0,0,0,1),(153,57,99,0,0,0,3),(154,57,102,0,0,0,1),(155,57,94,0,0,0,1),(156,57,149,0,0,0,1),(157,57,150,0,0,0,3),(158,57,151,0,0,0,1),(159,57,152,0,0,0,1),(160,57,146,0,0,0,1),(161,57,142,0,0,0,2),(162,68,153,0,0,0,1),(163,68,127,0,0,0,1),(164,68,91,0,0,0,2),(165,77,138,0,0,0,1),(166,77,142,0,0,0,4),(167,77,128,0,0,0,1),(168,77,129,0,0,0,1),(169,77,130,0,0,0,1),(170,77,134,0,0,0,2),(171,48,89,0,0,0,2),(172,48,147,0,0,0,2),(173,48,154,0,0,0,1),(174,48,83,0,0,0,1),(175,48,155,0,0,0,1),(176,48,156,0,0,0,1),(177,48,96,0,0,0,1),(178,48,93,0,0,0,1),(179,48,157,0,0,0,1),(180,59,150,0,0,0,1),(181,59,99,0,0,0,1),(182,59,114,0,0,0,2),(183,59,112,0,0,0,1),(184,59,107,0,0,0,1),(185,73,143,0,0,0,1),(186,73,142,0,0,0,1),(187,73,147,0,0,0,1),(188,73,84,0,0,0,2),(189,73,89,0,0,0,2),(193,73,161,0,0,0,2),(195,73,162,0,0,0,1),(196,75,146,0,0,0,1),(197,75,136,0,0,0,2),(198,75,138,0,0,0,1),(199,75,140,0,0,0,1),(200,75,115,0,0,0,1),(201,75,163,0,0,0,1),(202,75,164,0,0,0,1),(203,75,107,0,0,0,1),(204,64,123,0,0,0,1),(205,64,94,0,0,0,2),(206,64,99,0,0,0,1),(207,70,132,0,0,0,1),(208,70,135,0,0,0,1),(209,70,114,0,0,0,1),(210,70,165,0,0,0,1),(211,58,148,0,0,0,2),(212,58,165,0,0,0,1),(213,58,84,0,0,0,1),(214,58,90,0,0,0,1),(215,58,166,0,0,0,1),(216,58,167,0,0,0,1),(217,58,168,0,0,0,1),(218,67,116,0,0,0,1),(219,67,117,0,0,0,2),(220,67,123,0,0,0,2),(221,67,118,0,0,0,1),(223,67,143,0,0,0,2),(224,67,136,0,0,0,1),(226,65,114,0,0,0,1),(227,65,123,0,0,0,2),(228,65,171,0,0,0,1),(234,67,175,0,0,0,2),(235,67,174,0,0,0,1),(236,71,130,0,0,0,2),(237,71,132,0,0,0,1),(238,71,123,0,0,0,1),(240,73,176,0,0,0,1),(241,55,94,0,0,0,2),(242,55,99,0,0,0,2),(243,55,102,0,0,0,1),(244,55,103,0,0,0,1),(245,55,149,0,0,0,1),(246,55,122,0,0,0,1),(247,72,130,0,0,0,3),(248,74,146,0,0,0,0),(249,54,96,0,0,0,1),(250,54,102,0,0,0,1),(251,54,99,0,0,0,1),(252,54,115,0,0,0,1),(253,52,84,0,0,0,1),(254,52,91,0,0,0,1),(255,52,166,0,0,0,2),(256,52,147,0,0,0,2),(257,52,167,0,0,0,1),(258,52,168,0,0,0,3),(259,52,177,0,0,0,0),(260,53,150,0,0,0,1),(261,53,99,0,0,0,1),(262,53,147,0,0,0,1),(263,53,178,0,0,0,1),(264,60,179,0,0,0,0),(265,51,168,0,0,0,1),(266,51,161,0,0,0,1),(267,51,89,0,0,0,1),(268,51,180,0,0,0,1),(269,51,181,0,0,0,1),(270,51,129,0,0,0,1),(271,51,182,0,0,0,1),(272,50,183,0,0,0,2),(273,50,84,0,0,0,1),(274,50,171,0,0,0,1),(275,63,147,0,0,0,1),(276,63,167,0,0,0,2),(277,63,161,0,0,0,2),(278,63,89,0,0,0,1),(279,63,123,0,0,0,1),(280,69,184,0,0,0,1),(281,69,99,0,0,0,1),(282,69,185,0,0,0,1),(283,103,283,0,0,0,1),(284,103,190,0,0,0,1),(285,103,191,0,0,0,1),(286,103,187,0,0,0,2),(292,79,188,0,0,0,1),(293,79,187,0,0,0,1),(294,79,191,0,0,0,2),(295,79,186,0,0,0,1),(296,79,231,0,0,0,1),(297,79,240,0,0,0,1),(299,93,243,0,0,0,1),(300,93,247,0,0,0,3),(301,93,250,0,0,0,2),(302,93,251,0,0,0,1),(303,93,287,0,0,0,1),(304,102,288,0,0,0,4),(305,102,254,0,0,0,2),(306,102,289,0,0,0,2),(307,102,290,0,0,0,1),(308,102,260,0,0,0,1),(309,102,291,0,0,0,1),(314,98,187,0,0,0,1),(315,98,295,0,0,0,1),(316,98,203,0,0,0,1),(317,98,191,0,0,0,1),(318,98,186,0,0,0,1),(319,98,291,0,0,0,1),(320,98,259,0,0,0,1),(321,98,296,0,0,0,1),(322,96,291,0,0,0,1),(323,96,288,0,0,0,1),(324,96,297,0,0,0,1),(325,96,298,0,0,0,1),(326,96,242,0,0,0,2),(327,96,250,0,0,0,1),(332,91,291,0,0,0,1),(333,91,288,0,0,0,1),(334,91,265,0,0,0,1),(335,91,232,0,0,0,1),(336,91,300,0,0,0,1),(337,91,235,0,0,0,1),(338,92,229,0,0,0,2),(339,92,239,0,0,0,2),(340,92,235,0,0,0,1),(341,92,232,0,0,0,2),(342,92,301,0,0,0,1),(343,92,302,0,0,0,1),(344,88,187,0,0,0,1),(345,88,229,0,0,0,1),(346,88,235,0,0,0,1),(347,88,227,0,0,0,1),(348,88,300,0,0,0,1),(349,88,303,0,0,0,1),(355,97,250,0,0,0,5),(356,97,247,0,0,0,2),(357,97,243,0,0,0,1),(358,97,306,0,0,0,1),(359,97,274,0,0,0,1),(360,97,307,0,0,0,0),(361,100,288,0,0,0,1),(362,100,302,0,0,0,2),(363,100,237,0,0,0,1),(364,105,267,0,0,0,1),(365,107,254,0,0,0,1),(366,107,291,0,0,0,1),(367,107,265,0,0,0,1),(368,107,308,0,0,0,1),(369,107,260,1,0,0,0),(370,90,247,0,0,0,2),(371,90,306,0,0,0,1),(372,90,302,0,0,0,1),(373,90,235,0,0,0,2),(374,81,291,0,0,0,2),(375,81,299,0,0,0,1),(376,81,309,0,0,0,1),(377,106,306,0,0,0,2),(378,106,310,0,0,0,1),(379,106,311,0,0,0,1),(380,95,312,0,0,0,1),(381,95,242,0,0,0,1),(382,106,270,0,0,0,1),(383,106,313,0,0,0,1),(384,95,235,0,0,0,1),(385,95,300,0,0,0,1),(386,80,186,0,0,1,2),(387,80,190,0,0,0,1),(388,80,314,0,0,0,1),(389,80,315,1,0,0,0),(390,80,316,0,0,0,1),(391,80,250,0,0,0,2),(392,101,312,0,0,0,1),(393,101,306,0,0,0,1),(394,101,250,0,0,0,0),(395,178,434,0,0,0,3),(396,178,435,0,0,0,1),(397,178,436,0,0,0,2),(399,178,438,0,0,0,1),(400,178,439,0,0,0,1),(401,152,372,0,0,0,1),(402,152,441,0,0,0,1),(403,152,357,0,0,0,2),(404,152,443,0,0,0,1),(405,152,444,0,0,0,2),(406,152,389,0,0,0,1),(407,156,446,0,0,0,1),(408,156,447,0,0,0,1),(409,156,448,0,0,0,1),(410,156,360,0,0,0,1),(411,156,450,0,0,0,1),(412,156,357,0,0,0,2),(413,159,451,0,0,0,1),(414,159,452,0,0,0,1),(415,159,453,0,0,0,1),(416,159,454,0,0,0,2),(417,159,455,0,0,0,1),(418,159,456,0,0,0,1),(419,159,457,0,0,0,1),(420,160,458,0,0,0,1),(421,160,459,0,0,0,3),(422,160,451,0,0,0,2),(423,160,460,0,0,0,3),(424,160,446,0,0,0,1),(425,188,322,0,0,0,2),(426,188,332,0,0,0,1),(427,188,461,0,0,0,4),(428,188,334,0,0,0,1),(429,188,462,0,0,0,2),(430,166,322,0,0,0,1),(431,166,324,0,0,0,1),(432,166,463,0,0,0,2),(433,166,464,0,0,0,1),(434,171,438,0,0,0,1),(435,171,465,0,0,0,2),(436,157,320,0,0,0,1),(437,157,461,0,0,0,1),(438,157,466,0,0,0,1),(439,153,455,0,0,0,2),(440,153,418,0,0,0,1),(441,153,434,0,0,0,1),(442,153,467,0,0,0,1),(443,153,450,0,0,0,1),(444,171,444,0,0,0,1),(445,171,456,0,0,0,1),(446,190,454,0,0,0,5),(447,190,455,0,0,0,2),(448,190,434,0,0,0,1),(449,190,469,0,0,0,1),(450,178,454,0,0,0,1),(451,176,455,0,0,0,2),(453,176,470,0,0,0,1),(454,176,464,0,0,0,1),(455,176,461,0,0,0,1),(457,176,456,0,0,0,1),(458,164,322,0,0,0,1),(459,164,461,0,0,0,2),(460,164,328,0,0,0,1),(461,164,471,0,0,0,1),(462,164,472,0,0,0,2),(463,164,473,0,0,0,1),(464,158,340,0,0,0,1),(465,158,473,0,0,0,1),(466,158,390,0,0,0,1),(467,172,474,0,0,0,1),(468,172,475,0,0,0,1),(469,172,476,0,0,0,1),(470,172,477,0,0,0,1),(471,182,319,0,0,0,1),(472,182,461,0,0,0,1),(473,165,461,0,0,0,1),(474,165,332,0,0,0,1),(475,165,454,0,0,0,1),(476,154,357,0,0,0,2),(477,154,361,0,0,0,1),(478,154,360,0,0,0,2),(479,154,476,0,0,0,1),(480,154,478,0,0,0,1),(481,187,479,0,0,0,1),(482,187,480,0,0,0,1),(483,187,481,0,0,0,1),(484,187,339,0,0,0,1),(485,187,341,0,0,0,4),(486,163,322,0,0,0,1),(487,163,466,0,0,0,1),(488,163,482,0,0,0,1),(489,167,464,0,0,0,1),(490,167,322,0,0,0,1),(491,167,461,0,0,0,2),(492,167,332,0,0,0,1),(493,167,428,0,0,0,2),(494,167,483,0,0,0,1),(495,167,484,0,0,0,1),(496,167,485,0,0,0,1),(497,168,387,0,0,0,1),(498,168,385,0,0,0,2),(499,168,394,0,0,0,1),(500,168,360,0,0,0,1),(501,168,358,0,0,0,1),(502,168,486,0,0,0,1),(503,168,357,0,0,0,2),(504,168,361,1,0,0,1),(505,168,372,0,0,0,1),(506,168,368,0,0,0,1),(507,168,362,0,0,0,1),(509,169,394,0,0,0,3),(510,169,395,0,0,0,1),(511,169,387,0,0,0,2),(512,169,488,0,0,0,1),(513,169,489,0,0,0,1),(514,180,490,0,0,0,1),(515,180,360,0,0,0,1),(516,180,491,0,0,0,2),(517,180,374,0,0,0,1),(518,180,371,0,0,0,1),(519,180,492,0,0,0,1),(520,180,493,0,0,0,1),(521,150,362,0,0,0,2),(522,150,358,0,0,0,1),(523,150,360,0,0,0,2),(524,150,357,0,0,0,2),(525,150,494,0,0,0,1),(526,150,495,0,0,0,1),(527,150,496,0,0,0,1),(528,150,345,0,0,0,1),(529,179,455,0,0,0,2),(530,179,434,0,0,0,2),(531,179,470,0,0,0,2),(532,179,497,0,0,0,1),(533,179,498,0,0,0,1),(534,179,469,0,0,0,1),(535,189,422,0,0,0,1),(536,189,499,0,0,0,1),(537,189,500,0,0,0,1),(538,189,429,0,0,0,2),(539,189,428,0,0,0,2),(540,189,390,0,0,0,1),(541,155,357,0,0,0,2),(542,155,358,0,0,0,1),(543,155,467,0,0,0,1),(544,155,502,0,0,0,1),(545,174,358,0,0,0,1),(546,174,503,0,0,0,1),(547,174,363,0,0,0,0),(548,183,504,0,0,0,1),(549,183,505,0,0,0,1);
/*!40000 ALTER TABLE `lm_player_match` ENABLE KEYS */;
UNLOCK TABLES;

--
-- Table structure for table `lm_saison`
--

DROP TABLE IF EXISTS `lm_saison`;
/*!40101 SET @saved_cs_client     = @@character_set_client */;
/*!40101 SET character_set_client = utf8 */;
CREATE TABLE `lm_saison` (
  `id` int(11) NOT NULL AUTO_INCREMENT,
  `name` varchar(255) COLLATE latin1_german1_ci NOT NULL,
  `isDefault` tinyint(1) DEFAULT NULL,
  PRIMARY KEY (`id`)
) ENGINE=InnoDB AUTO_INCREMENT=5 DEFAULT CHARSET=latin1 COLLATE=latin1_german1_ci;
/*!40101 SET character_set_client = @saved_cs_client */;

--
-- Dumping data for table `lm_saison`
--

LOCK TABLES `lm_saison` WRITE;
/*!40000 ALTER TABLE `lm_saison` DISABLE KEYS */;
INSERT INTO `lm_saison` VALUES (1,'2012',0),(2,'2013',0),(3,'2014',0),(4,'2015',1);
/*!40000 ALTER TABLE `lm_saison` ENABLE KEYS */;
UNLOCK TABLES;

--
-- Table structure for table `lm_saison_player`
--

DROP TABLE IF EXISTS `lm_saison_player`;
/*!40101 SET @saved_cs_client     = @@character_set_client */;
/*!40101 SET character_set_client = utf8 */;
CREATE TABLE `lm_saison_player` (
  `id` int(11) NOT NULL AUTO_INCREMENT,
  `id_saison_team` int(11) NOT NULL,
  `id_player` int(11) NOT NULL,
  PRIMARY KEY (`id`),
  KEY `fk_lm_saison_spieler_lm_saison_mannschaft1` (`id_saison_team`),
  KEY `fk_lm_saison_spieler_lm_spieler1` (`id_player`),
  CONSTRAINT `fk_lm_saison_spieler_lm_saison_mannschaft1` FOREIGN KEY (`id_saison_team`) REFERENCES `lm_saison_team` (`id`) ON DELETE NO ACTION ON UPDATE NO ACTION,
  CONSTRAINT `fk_lm_saison_spieler_lm_spieler1` FOREIGN KEY (`id_player`) REFERENCES `lm_player` (`id`) ON DELETE NO ACTION ON UPDATE NO ACTION
) ENGINE=InnoDB AUTO_INCREMENT=506 DEFAULT CHARSET=latin1 COLLATE=latin1_german1_ci;
/*!40101 SET character_set_client = @saved_cs_client */;

--
-- Dumping data for table `lm_saison_player`
--

LOCK TABLES `lm_saison_player` WRITE;
/*!40000 ALTER TABLE `lm_saison_player` DISABLE KEYS */;
INSERT INTO `lm_saison_player` VALUES (6,1,9),(9,7,12),(10,7,13),(11,3,14),(12,3,15),(13,3,16),(14,3,17),(15,3,18),(16,3,19),(17,3,20),(18,1,21),(19,1,22),(20,2,23),(21,1,24),(22,2,25),(23,2,26),(24,2,27),(25,2,28),(26,7,29),(30,7,33),(31,7,34),(32,4,35),(33,4,36),(34,2,37),(35,5,38),(36,7,39),(37,4,40),(38,4,41),(39,4,42),(40,2,43),(41,2,44),(42,3,45),(44,2,47),(45,4,48),(46,4,49),(47,7,50),(48,7,51),(49,7,52),(50,1,53),(51,1,54),(54,4,57),(56,7,59),(57,3,60),(58,1,61),(59,3,62),(60,5,63),(61,5,64),(62,5,65),(63,2,66),(65,2,68),(66,5,69),(67,5,70),(68,7,71),(69,2,72),(70,2,73),(71,2,74),(72,4,75),(73,5,76),(74,5,77),(75,5,78),(76,1,79),(77,3,47),(78,5,80),(79,4,81),(80,1,82),(81,1,83),(82,8,24),(83,8,83),(84,8,79),(85,8,53),(86,8,21),(87,8,54),(88,8,9),(89,8,61),(90,8,82),(91,8,22),(92,9,72),(93,9,68),(94,9,37),(95,9,73),(96,9,27),(97,9,47),(98,9,28),(99,9,23),(100,9,43),(101,9,25),(102,9,74),(103,9,26),(104,9,44),(105,9,66),(106,10,20),(107,10,60),(108,10,16),(109,10,19),(110,10,14),(111,10,17),(112,10,45),(113,10,15),(114,10,18),(115,10,62),(116,11,41),(117,11,48),(118,11,42),(119,11,81),(120,11,49),(121,11,35),(122,11,36),(123,11,40),(124,11,57),(125,11,75),(126,12,77),(127,12,64),(128,12,76),(129,12,78),(130,12,38),(131,12,70),(132,12,69),(133,12,80),(134,12,63),(135,12,65),(136,13,52),(137,13,51),(138,13,34),(139,13,50),(140,13,13),(141,13,71),(142,13,29),(143,13,59),(144,13,12),(145,13,33),(146,13,39),(147,8,84),(148,10,85),(149,9,86),(150,9,87),(151,9,88),(152,13,89),(153,12,90),(154,8,91),(155,8,92),(156,9,93),(157,9,44),(158,13,94),(159,13,95),(160,13,96),(161,8,97),(162,8,98),(163,10,99),(164,10,100),(165,10,101),(166,8,102),(167,8,103),(168,8,104),(169,11,105),(170,11,106),(171,11,107),(172,11,108),(173,13,109),(174,13,110),(175,11,111),(176,8,112),(177,8,96),(178,8,113),(179,10,96),(180,8,114),(181,12,115),(182,12,116),(183,8,117),(184,9,118),(185,12,119),(186,14,84),(187,14,24),(188,14,104),(189,14,83),(190,14,103),(191,14,79),(192,14,53),(193,14,92),(194,14,114),(195,14,112),(196,14,91),(197,14,21),(198,14,97),(199,14,117),(200,14,54),(201,14,113),(202,14,9),(203,14,61),(205,14,102),(206,14,82),(207,14,22),(208,15,72),(209,15,68),(210,15,37),(211,15,73),(212,15,93),(213,15,87),(214,15,27),(215,15,47),(216,15,23),(217,15,28),(218,15,43),(219,15,25),(220,15,74),(221,15,118),(222,15,26),(223,15,44),(224,15,66),(225,15,88),(226,15,86),(227,16,20),(228,16,60),(229,16,16),(230,16,19),(231,16,99),(232,16,14),(233,16,100),(234,16,101),(235,16,85),(236,16,17),(237,16,45),(238,16,15),(239,16,18),(240,16,62),(241,17,41),(242,17,48),(243,17,42),(244,17,81),(245,17,107),(246,17,49),(247,17,35),(248,17,106),(249,17,108),(250,17,36),(251,17,40),(252,17,75),(253,17,57),(254,18,77),(255,18,64),(256,18,115),(257,18,90),(258,18,76),(259,18,116),(260,18,78),(261,18,38),(262,18,69),(263,18,119),(264,18,80),(265,18,63),(266,18,65),(267,19,52),(268,19,51),(269,19,94),(270,19,34),(271,19,89),(272,19,50),(273,19,110),(274,19,13),(276,19,109),(277,19,29),(278,19,59),(279,19,95),(280,19,12),(281,19,33),(282,19,39),(283,14,120),(285,19,122),(286,15,123),(287,17,92),(288,18,124),(289,18,125),(290,18,126),(291,18,127),(292,15,128),(293,15,129),(294,17,130),(295,14,131),(296,14,132),(297,18,133),(298,18,134),(299,18,135),(300,16,136),(301,16,137),(302,16,138),(303,16,139),(304,18,140),(305,18,141),(306,17,142),(307,17,96),(308,18,143),(309,18,144),(310,17,145),(311,17,146),(312,17,147),(313,19,148),(314,17,149),(315,17,150),(316,17,151),(317,22,20),(318,22,60),(319,22,16),(320,22,19),(321,22,99),(322,22,14),(323,22,100),(324,22,138),(325,22,101),(326,22,17),(327,22,85),(328,22,45),(329,22,15),(330,22,139),(331,22,137),(332,22,136),(333,22,18),(334,22,62),(335,21,72),(336,21,68),(337,21,37),(338,21,128),(339,21,93),(340,21,73),(341,21,87),(342,21,27),(343,21,129),(344,21,47),(345,21,23),(346,21,28),(347,21,43),(348,21,25),(349,21,74),(350,21,118),(351,21,26),(352,21,44),(353,21,123),(354,21,66),(355,21,88),(356,21,86),(357,20,84),(358,20,24),(359,20,132),(360,20,104),(361,20,103),(362,20,79),(363,20,83),(364,20,53),(365,20,114),(366,20,112),(367,20,91),(368,20,21),(369,20,97),(370,20,117),(371,20,131),(372,20,120),(373,20,54),(374,20,113),(375,20,9),(376,20,61),(377,20,98),(378,20,102),(379,20,82),(380,20,22),(381,23,48),(382,23,42),(383,23,107),(384,23,149),(385,23,147),(386,23,49),(387,23,35),(388,23,106),(389,23,151),(390,23,142),(391,23,145),(392,23,146),(393,23,130),(394,23,36),(395,23,40),(396,23,75),(397,23,57),(398,24,144),(399,24,77),(400,24,64),(401,24,127),(402,24,126),(403,24,90),(404,24,76),(405,24,140),(406,24,135),(407,24,116),(408,24,78),(409,24,38),(410,24,133),(411,24,143),(412,24,119),(413,24,134),(414,24,80),(415,24,125),(416,24,63),(417,24,124),(418,24,65),(419,26,52),(420,26,51),(421,26,94),(422,26,34),(423,26,89),(424,26,50),(425,26,110),(426,26,13),(427,26,29),(428,26,59),(429,26,122),(430,26,95),(431,26,12),(432,26,33),(433,26,39),(434,24,152),(435,24,153),(436,24,154),(437,24,155),(438,24,156),(439,25,157),(441,20,159),(443,20,161),(444,23,162),(446,21,164),(447,21,165),(448,21,166),(450,20,168),(451,21,169),(452,21,170),(453,21,171),(454,24,172),(455,24,173),(456,24,174),(457,24,175),(458,21,176),(459,21,177),(460,21,178),(461,22,179),(462,22,180),(463,22,181),(464,22,182),(465,24,183),(466,22,184),(467,20,185),(469,24,187),(470,24,69),(471,22,188),(472,22,189),(473,23,190),(474,23,191),(475,23,192),(476,25,193),(477,25,194),(478,25,195),(479,26,196),(480,26,197),(481,26,198),(482,22,199),(483,22,200),(484,22,201),(485,22,202),(486,20,203),(488,23,205),(489,23,206),(490,25,207),(491,20,208),(492,20,209),(493,20,210),(494,21,211),(495,21,212),(496,21,213),(497,24,214),(498,24,215),(499,26,216),(500,26,217),(502,20,219),(503,20,220),(504,25,221),(505,23,222);
/*!40000 ALTER TABLE `lm_saison_player` ENABLE KEYS */;
UNLOCK TABLES;

--
-- Table structure for table `lm_saison_team`
--

DROP TABLE IF EXISTS `lm_saison_team`;
/*!40101 SET @saved_cs_client     = @@character_set_client */;
/*!40101 SET character_set_client = utf8 */;
CREATE TABLE `lm_saison_team` (
  `id` int(11) NOT NULL AUTO_INCREMENT,
  `id_team` int(11) NOT NULL,
  `id_saison` int(11) NOT NULL,
  PRIMARY KEY (`id`),
  UNIQUE KEY `idx_saison_team_unique` (`id_team`,`id_saison`),
  KEY `fk_saison_team_mannschaft` (`id_team`),
  KEY `fk_saison_team_saison` (`id_saison`),
  CONSTRAINT `fk_lm_saison_mannschaft_lm_mannschaft1` FOREIGN KEY (`id_team`) REFERENCES `lm_team` (`id`) ON DELETE NO ACTION ON UPDATE NO ACTION,
  CONSTRAINT `fk_lm_saison_mannschaft_lm_saison1` FOREIGN KEY (`id_saison`) REFERENCES `lm_saison` (`id`) ON DELETE NO ACTION ON UPDATE NO ACTION
) ENGINE=InnoDB AUTO_INCREMENT=27 DEFAULT CHARSET=latin1 COLLATE=latin1_german1_ci;
/*!40101 SET character_set_client = @saved_cs_client */;

--
-- Dumping data for table `lm_saison_team`
--

LOCK TABLES `lm_saison_team` WRITE;
/*!40000 ALTER TABLE `lm_saison_team` DISABLE KEYS */;
INSERT INTO `lm_saison_team` VALUES (1,3,1),(8,3,2),(14,3,3),(20,3,4),(2,4,1),(9,4,2),(15,4,3),(21,4,4),(3,5,1),(10,5,2),(16,5,3),(22,5,4),(4,6,1),(11,6,2),(17,6,3),(23,6,4),(5,7,1),(12,7,2),(18,7,3),(24,7,4),(25,8,4),(7,9,1),(13,9,2),(19,9,3),(26,9,4);
/*!40000 ALTER TABLE `lm_saison_team` ENABLE KEYS */;
UNLOCK TABLES;

--
-- Temporary view structure for view `lm_scorer`
--

DROP TABLE IF EXISTS `lm_scorer`;
/*!50001 DROP VIEW IF EXISTS `lm_scorer`*/;
SET @saved_cs_client     = @@character_set_client;
SET character_set_client = utf8;
/*!50001 CREATE VIEW `lm_scorer` AS SELECT 
 1 AS `id`,
 1 AS `id_team`,
 1 AS `id_saison`,
 1 AS `firstname`,
 1 AS `lastname`,
 1 AS `team_name`,
 1 AS `goals`*/;
SET character_set_client = @saved_cs_client;

--
-- Table structure for table `lm_settings`
--

DROP TABLE IF EXISTS `lm_settings`;
/*!40101 SET @saved_cs_client     = @@character_set_client */;
/*!40101 SET character_set_client = utf8 */;
CREATE TABLE `lm_settings` (
  `key` varchar(50) COLLATE latin1_german1_ci NOT NULL,
  `value` varchar(255) COLLATE latin1_german1_ci DEFAULT NULL,
  PRIMARY KEY (`key`)
) ENGINE=InnoDB DEFAULT CHARSET=latin1 COLLATE=latin1_german1_ci;
/*!40101 SET character_set_client = @saved_cs_client */;

--
-- Dumping data for table `lm_settings`
--

LOCK TABLES `lm_settings` WRITE;
/*!40000 ALTER TABLE `lm_settings` DISABLE KEYS */;
INSERT INTO `lm_settings` VALUES ('design_HighlightColor','rgb(160,193,255)'),('design_Image','fussball.png'),('design_NavBackColor','green'),('design_NavFrontColor','#FFF'),('design_Title','Hobbyliga Kreis Borken 2015'),('design_TitleBackColor','green'),('design_TitleFrontColor','#FFF'),('mail_from','liga@liga-borken.de'),('mail_guestbook','1'),('mail_sendMails','1');
/*!40000 ALTER TABLE `lm_settings` ENABLE KEYS */;
UNLOCK TABLES;

--
-- Table structure for table `lm_team`
--

DROP TABLE IF EXISTS `lm_team`;
/*!40101 SET @saved_cs_client     = @@character_set_client */;
/*!40101 SET character_set_client = utf8 */;
CREATE TABLE `lm_team` (
  `id` int(11) NOT NULL AUTO_INCREMENT,
  `name` varchar(255) COLLATE latin1_german1_ci NOT NULL,
  `icon` varchar(45) COLLATE latin1_german1_ci DEFAULT NULL,
  `homepage` varchar(45) COLLATE latin1_german1_ci DEFAULT NULL,
  PRIMARY KEY (`id`)
) ENGINE=InnoDB AUTO_INCREMENT=11 DEFAULT CHARSET=latin1 COLLATE=latin1_german1_ci;
/*!40101 SET character_set_client = @saved_cs_client */;

--
-- Dumping data for table `lm_team`
--

LOCK TABLES `lm_team` WRITE;
/*!40000 ALTER TABLE `lm_team` DISABLE KEYS */;
INSERT INTO `lm_team` VALUES (3,'SV Holthausen',NULL,'http://www.holthausener-sv.de/'),(4,'SF Klein Reken',NULL,'http://www.sportfreundekleinreken.de/'),(5,'FC Lupine Weseke',NULL,'http://www.fc-lupine.de/'),(6,'FC Cosmos Weseke',NULL,'http://www.fc-cosmos-weseke.de.tl/'),(7,'SC Brinker Jungs',NULL,'http://www.brinker-jungs.de.tl/'),(8,'FC Böinghook',NULL,'http://www.fc-boeinghook.de.tl'),(9,'Fortuna Bieling',NULL,'http://www.fortuna-bieling.de'),(10,'Bröker Jungs Reken',NULL,'http://www.broeker-jungs.de/');
/*!40000 ALTER TABLE `lm_team` ENABLE KEYS */;
UNLOCK TABLES;

--
-- Table structure for table `lm_users`
--

DROP TABLE IF EXISTS `lm_users`;
/*!40101 SET @saved_cs_client     = @@character_set_client */;
/*!40101 SET character_set_client = utf8 */;
CREATE TABLE `lm_users` (
  `id` int(11) NOT NULL AUTO_INCREMENT,
  `username` varchar(45) COLLATE latin1_german1_ci NOT NULL,
  `password` varchar(45) COLLATE latin1_german1_ci NOT NULL,
  `firstname` varchar(255) COLLATE latin1_german1_ci NOT NULL,
  `lastname` varchar(255) COLLATE latin1_german1_ci NOT NULL,
  `email` varchar(255) COLLATE latin1_german1_ci NOT NULL,
  `id_team` int(11) DEFAULT NULL,
  `rights` enum('USER','TEAM_ADMIN','LIGA_ADMIN','ADMIN') COLLATE latin1_german1_ci NOT NULL DEFAULT 'USER',
  PRIMARY KEY (`id`),
  UNIQUE KEY `username_UNIQUE` (`username`),
  KEY `fk_lm_user_lm_mannschaft1` (`id_team`),
  CONSTRAINT `fk_lm_user_lm_mannschaft1` FOREIGN KEY (`id_team`) REFERENCES `lm_team` (`id`) ON DELETE NO ACTION ON UPDATE NO ACTION
) ENGINE=InnoDB AUTO_INCREMENT=19 DEFAULT CHARSET=latin1 COLLATE=latin1_german1_ci;
/*!40101 SET character_set_client = @saved_cs_client */;

--
-- Dumping data for table `lm_users`
--

LOCK TABLES `lm_users` WRITE;
/*!40000 ALTER TABLE `lm_users` DISABLE KEYS */;
INSERT INTO `lm_users` VALUES (1,'Admin','f3d51c970c7d8a1274024db79b7fd6ec635a3511','Manfred','Roßkamp','manfred.rosskamp@gmx.de',3,'ADMIN'),(2,'Norbert','8e38e83afc2dc2b00f1c3fe5fe4e988e9ffbf181','Norbert','Roßkamp','nr@altergarten4.de',3,'ADMIN'),(4,'Bieling','34335f376ab626ad695891307faa7a59844b251a','Burkhard','Strotmann','burkhard.strotmann@t-online.de',9,'TEAM_ADMIN'),(5,'Böinghook','1b89a346a0161922f786857aa28f9b1a5042510d','Rene','Müggenborg','fcboeinghook@gmx.de',8,'TEAM_ADMIN'),(6,'Brinker','6d801fb2355a07c9e004ea4635b4ce3edfe405d7','Michael','Warmers','warmers-michael@web.de',7,'TEAM_ADMIN'),(7,'Bröker','5ddcf858d06cfc58850ac39489f0e46f4746af62','Michael','Schmidt','info@heizung-sanitaerniewerth.de',10,'TEAM_ADMIN'),(8,'Cosmos','90a288256d486987a1f089a8740ff887a809de7e','Norbert','Jägering','norbert.jaegering@borken.de',6,'TEAM_ADMIN'),(9,'Holthausen','d03b4ac0042b2b9f9bd40c84ea504b5102de6ad1','Michael','Trepmann','m.trepmann@web.de',3,'TEAM_ADMIN'),(10,'Reken','4daae30edd631ac0f778310389b4bce90c8eae28','Uwe','Sarau','Uwe.Sarau@hobart.de',4,'TEAM_ADMIN'),(11,'Lupine','f360d128f6e34b605abe36c713341d9f5081a706','Christoph','Otert-Enning','christoph-otert-enning@gmx.de',5,'TEAM_ADMIN'),(12,'Twix','f169bb0a072977fa5df1351bae1688b8d3472cf2','Michael','Raida','m.raida@t-online.de',NULL,'LIGA_ADMIN'),(14,'Jumper','8f83e728b537eda8e428aa649f73e101cc92ccfc','Jumper','','',5,'TEAM_ADMIN'),(15,'Daniel Lüdiger','ce118a686b04f45fcd183f5357175bb9dd23c298','Daniel','Lüdiger','dluediger@aol.com',6,'TEAM_ADMIN'),(16,'DanielAdmin','03ed68dac1f810070f80fc2a1fe5e2fad8f93270','Daniel','Lüdiger','daniel-luediger@t-online.de',NULL,'ADMIN'),(17,'samename89','5ee82fbd6e8faa749861b9ccdcee1da4915299a9','Arjen','Torwesten','a.torwesten@web.de',9,'USER'),(18,'SfR','757a0a3799d6fde07712b01c9dfd7d2141f10616','Dominik','Sengenhorst','Dominik-Sengenhorst@gmx.de',4,'USER');
/*!40000 ALTER TABLE `lm_users` ENABLE KEYS */;
UNLOCK TABLES;

--
-- Final view structure for view `jos_fussball_spieler_saison`
--

/*!50001 DROP VIEW IF EXISTS `jos_fussball_spieler_saison`*/;
/*!50001 SET @saved_cs_client          = @@character_set_client */;
/*!50001 SET @saved_cs_results         = @@character_set_results */;
/*!50001 SET @saved_col_connection     = @@collation_connection */;
/*!50001 SET character_set_client      = utf8 */;
/*!50001 SET character_set_results     = utf8 */;
/*!50001 SET collation_connection      = utf8_general_ci */;
/*!50001 CREATE ALGORITHM=UNDEFINED */
/*!50013 DEFINER=`root`@`localhost` SQL SECURITY DEFINER */
/*!50001 VIEW `jos_fussball_spieler_saison` AS select `s`.`id` AS `id`,`s`.`idMannschaft` AS `idMannschaft`,`s`.`name` AS `name`,count(`ss`.`idSpieler`) AS `spiele`,sum(`ss`.`anzahlTore`) AS `tore`,sum(`ss`.`hasGelbeKarte`) AS `gelb`,sum(`ss`.`hasGelbRoteKarte`) AS `gelbrot`,sum(`ss`.`hasRoteKarte`) AS `rot` from (`jos_fussball_spieler` `s` left join `jos_fussball_spieler_spiel` `ss` on((`s`.`id` = `ss`.`idSpieler`))) group by `s`.`id` */;
/*!50001 SET character_set_client      = @saved_cs_client */;
/*!50001 SET character_set_results     = @saved_cs_results */;
/*!50001 SET collation_connection      = @saved_col_connection */;

--
-- Final view structure for view `lm_locks`
--

/*!50001 DROP VIEW IF EXISTS `lm_locks`*/;
/*!50001 SET @saved_cs_client          = @@character_set_client */;
/*!50001 SET @saved_cs_results         = @@character_set_results */;
/*!50001 SET @saved_col_connection     = @@collation_connection */;
/*!50001 SET character_set_client      = utf8 */;
/*!50001 SET character_set_results     = utf8 */;
/*!50001 SET collation_connection      = utf8_general_ci */;
/*!50001 CREATE ALGORITHM=UNDEFINED */
/*!50013 DEFINER=`root`@`localhost` SQL SECURITY DEFINER */
/*!50001 VIEW `lm_locks` AS select `pm`.`id` AS `id`,`st`.`id_saison` AS `id_saison`,`m`.`id` AS `id_match`,`p`.`firstname` AS `firstname`,`p`.`lastname` AS `lastname`,`t`.`name` AS `team_name`,`m`.`date` AS `date` from (((((`lm_player_match` `pm` left join `lm_saison_player` `sp` on((`sp`.`id` = `pm`.`id_saison_player`))) left join `lm_saison_team` `st` on((`st`.`id` = `sp`.`id_saison_team`))) left join `lm_team` `t` on((`t`.`id` = `st`.`id_team`))) left join `lm_player` `p` on((`p`.`id` = `sp`.`id_player`))) left join `lm_match` `m` on((`m`.`id` = `pm`.`id_match`))) where `pm`.`hasRedCard` */;
/*!50001 SET character_set_client      = @saved_cs_client */;
/*!50001 SET character_set_results     = @saved_cs_results */;
/*!50001 SET collation_connection      = @saved_col_connection */;

--
-- Final view structure for view `lm_matches`
--

/*!50001 DROP VIEW IF EXISTS `lm_matches`*/;
/*!50001 SET @saved_cs_client          = @@character_set_client */;
/*!50001 SET @saved_cs_results         = @@character_set_results */;
/*!50001 SET @saved_col_connection     = @@collation_connection */;
/*!50001 SET character_set_client      = utf8 */;
/*!50001 SET character_set_results     = utf8 */;
/*!50001 SET collation_connection      = utf8_general_ci */;
/*!50001 CREATE ALGORITHM=UNDEFINED */
/*!50013 DEFINER=`root`@`localhost` SQL SECURITY DEFINER */
/*!50001 VIEW `lm_matches` AS select `m`.`id` AS `id`,`m`.`date` AS `date`,`m`.`description` AS `description`,`m`.`goal1` AS `goal1`,`m`.`goal2` AS `goal2`,`t1`.`id` AS `team1_id`,`t1`.`name` AS `team1_name`,`t2`.`id` AS `team2_id`,`t2`.`name` AS `team2_name`,`s`.`id` AS `saison_id`,`s`.`name` AS `saison_name` from (((((`lm_match` `m` left join `lm_saison_team` `st1` on((`m`.`id_saison_team1` = `st1`.`id`))) left join `lm_team` `t1` on((`st1`.`id_team` = `t1`.`id`))) left join `lm_saison_team` `st2` on((`m`.`id_saison_team2` = `st2`.`id`))) left join `lm_team` `t2` on((`st2`.`id_team` = `t2`.`id`))) left join `lm_saison` `s` on((`st1`.`id_saison` = `s`.`id`))) */;
/*!50001 SET character_set_client      = @saved_cs_client */;
/*!50001 SET character_set_results     = @saved_cs_results */;
/*!50001 SET collation_connection      = @saved_col_connection */;

--
-- Final view structure for view `lm_play_table`
--

/*!50001 DROP VIEW IF EXISTS `lm_play_table`*/;
/*!50001 SET @saved_cs_client          = @@character_set_client */;
/*!50001 SET @saved_cs_results         = @@character_set_results */;
/*!50001 SET @saved_col_connection     = @@collation_connection */;
/*!50001 SET character_set_client      = utf8 */;
/*!50001 SET character_set_results     = utf8 */;
/*!50001 SET collation_connection      = utf8_general_ci */;
/*!50001 CREATE ALGORITHM=UNDEFINED */
/*!50013 DEFINER=`root`@`localhost` SQL SECURITY DEFINER */
/*!50001 VIEW `lm_play_table` AS select `st`.`id_saison` AS `id_saison`,`t`.`id` AS `id`,`t`.`name` AS `name`,`t`.`icon` AS `icon`,`t`.`homepage` AS `homepage`,ifnull((select count(0) AS `count(*)` from `lm_match` where (((`lm_match`.`id_saison_team1` = `st`.`id`) and (`lm_match`.`goal1` is not null)) or ((`lm_match`.`id_saison_team2` = `st`.`id`) and (`lm_match`.`goal1` is not null)))),0) AS `match_count`,(ifnull((select sum(ifnull(`lm_match`.`goal1`,0)) AS `sum(IFNULL(goal1,0))` from `lm_match` where (`lm_match`.`id_saison_team1` = `st`.`id`)),0) + ifnull((select sum(ifnull(`lm_match`.`goal2`,0)) AS `sum(IFNULL(goal2,0))` from `lm_match` where (`lm_match`.`id_saison_team2` = `st`.`id`)),0)) AS `shoot`,(ifnull((select sum(ifnull(`lm_match`.`goal2`,0)) AS `sum(IFNULL(goal2,0))` from `lm_match` where (`lm_match`.`id_saison_team1` = `st`.`id`)),0) + ifnull((select sum(ifnull(`lm_match`.`goal1`,0)) AS `sum(IFNULL(goal1,0))` from `lm_match` where (`lm_match`.`id_saison_team2` = `st`.`id`)),0)) AS `got`,ifnull((select count(0) AS `count(*)` from `lm_match` where (((`lm_match`.`id_saison_team1` = `st`.`id`) and (`lm_match`.`goal1` > `lm_match`.`goal2`)) or ((`lm_match`.`id_saison_team2` = `st`.`id`) and (`lm_match`.`goal2` > `lm_match`.`goal1`)))),0) AS `wins`,ifnull((select count(0) AS `count(*)` from `lm_match` where (((`lm_match`.`id_saison_team1` = `st`.`id`) or (`lm_match`.`id_saison_team2` = `st`.`id`)) and (`lm_match`.`goal1` = `lm_match`.`goal2`))),0) AS `stand_off` from (`lm_saison_team` `st` left join `lm_team` `t` on((`t`.`id` = `st`.`id_team`))) */;
/*!50001 SET character_set_client      = @saved_cs_client */;
/*!50001 SET character_set_results     = @saved_cs_results */;
/*!50001 SET collation_connection      = @saved_col_connection */;

--
-- Final view structure for view `lm_scorer`
--

/*!50001 DROP VIEW IF EXISTS `lm_scorer`*/;
/*!50001 SET @saved_cs_client          = @@character_set_client */;
/*!50001 SET @saved_cs_results         = @@character_set_results */;
/*!50001 SET @saved_col_connection     = @@collation_connection */;
/*!50001 SET character_set_client      = utf8 */;
/*!50001 SET character_set_results     = utf8 */;
/*!50001 SET collation_connection      = utf8_general_ci */;
/*!50001 CREATE ALGORITHM=UNDEFINED */
/*!50013 DEFINER=`root`@`localhost` SQL SECURITY DEFINER */
/*!50001 VIEW `lm_scorer` AS select `p`.`id` AS `id`,`t`.`id` AS `id_team`,`st`.`id_saison` AS `id_saison`,`p`.`firstname` AS `firstname`,`p`.`lastname` AS `lastname`,`t`.`name` AS `team_name`,(select sum(ifnull(`pm`.`goals`,0)) AS `sum(ifnull(``pm``.``goals``,0))` from `lm_player_match` `pm` where (`pm`.`id_saison_player` = `sp`.`id`)) AS `goals` from (((`lm_saison_player` `sp` left join `lm_player` `p` on((`p`.`id` = `sp`.`id_player`))) left join `lm_saison_team` `st` on((`st`.`id` = `sp`.`id_saison_team`))) left join `lm_team` `t` on((`t`.`id` = `st`.`id_team`))) */;
/*!50001 SET character_set_client      = @saved_cs_client */;
/*!50001 SET character_set_results     = @saved_cs_results */;
/*!50001 SET collation_connection      = @saved_col_connection */;
/*!40103 SET TIME_ZONE=@OLD_TIME_ZONE */;

/*!40101 SET SQL_MODE=@OLD_SQL_MODE */;
/*!40014 SET FOREIGN_KEY_CHECKS=@OLD_FOREIGN_KEY_CHECKS */;
/*!40014 SET UNIQUE_CHECKS=@OLD_UNIQUE_CHECKS */;
/*!40101 SET CHARACTER_SET_CLIENT=@OLD_CHARACTER_SET_CLIENT */;
/*!40101 SET CHARACTER_SET_RESULTS=@OLD_CHARACTER_SET_RESULTS */;
/*!40101 SET COLLATION_CONNECTION=@OLD_COLLATION_CONNECTION */;
/*!40111 SET SQL_NOTES=@OLD_SQL_NOTES */;

-- Dump completed on 2016-02-08 17:41:14
